id,observed_on_string,observed_on,time_observed_at,time_zone,user_id,user_login,user_name,created_at,updated_at,quality_grade,license,url,image_url,sound_url,tag_list,description,num_identification_agreements,num_identification_disagreements,captive_cultivated,oauth_application_id,place_guess,latitude,longitude,positional_accuracy,private_place_guess,private_latitude,private_longitude,public_positional_accuracy,geoprivacy,taxon_geoprivacy,coordinates_obscured,positioning_method,positioning_device,species_guess,scientific_name,common_name,iconic_taxon_name,taxon_id
370879,2013-07-31 14:44:56,2013-07-31,2013-07-31 18:44:56 UTC,Eastern Time (US & Canada),1620,cyric,"",2013-08-20 02:40:27 UTC,2020-11-15 05:05:58 UTC,research,CC-BY-NC,http://www.inaturalist.org/observations/370879,https://inaturalist-open-data.s3.amazonaws.com/photos/463539/medium.jpg,,"",A Lion's Mane Jellyfish in Potter Pond. The bell was maybe 6 inches.,2,0,false,,"Washington, Rhode Island, United States",41.385678,-71.52942,50,,,,50,,,false,,,Atlantic Lion's Mane Jelly,Cyanea fulva,Atlantic Lion's Mane Jelly,Animalia,1064817
1180528,"July 30, 2010",2010-07-30,,Eastern Time (US & Canada),69447,kellyfuerstenberg,Kelly Fuerstenberg,2015-01-17 17:50:47 UTC,2020-04-04 23:15:58 UTC,needs_id,CC-BY-NC,http://www.inaturalist.org/observations/1180528,https://inaturalist-open-data.s3.amazonaws.com/photos/1490496/medium.jpg,,"","",0,0,false,,"West Haven, CT",41.246757,-72.964518,99,,,,99,,,false,,,Cyanea fulva,Cyanea fulva,Atlantic Lion's Mane Jelly,Animalia,1064817
1402511,Sat Apr 18 2015 11:18:10 GMT-0400 (EDT),2015-04-18,2015-04-18 15:18:10 UTC,Eastern Time (US & Canada),52935,akruger90,"",2015-04-18 17:26:28 UTC,2020-04-04 21:04:24 UTC,needs_id,CC-BY-NC,http://www.inaturalist.org/observations/1402511,https://inaturalist-open-data.s3.amazonaws.com/photos/1734779/medium.jpg,,"",,1,0,false,3,"256–498 Harbor Beach Rd, Mount Sinai, NY, US",40.9642366667,-73.0425638333,,,,,,,,false,,,Cyanea,Cyanea fulva,Atlantic Lion's Mane Jelly,Animalia,1064817
4401043,2016-10-20 3:00:17 PM GMT-04:00,2016-10-20,2016-10-20 11:00:17 UTC,Abu Dhabi,315242,joshua61,Joshua Sébastien Dutton,2016-10-20 19:00:43 UTC,2020-04-05 03:36:44 UTC,research,,http://www.inaturalist.org/observations/4401043,https://static.inaturalist.org/photos/5285023/medium.jpeg,,"",,2,0,false,2,"32 Wall Street Stonington, CT 06378",41.3326672782,-71.9035702194,6,,,,6,,,false,,,Cyanea fulva,Cyanea fulva,Atlantic Lion's Mane Jelly,Animalia,1064817
5642828,Mon Apr 10 2017 15:18:54 GMT-0400 (EDT),2017-04-10,2017-04-10 19:18:54 UTC,Eastern Time (US & Canada),50920,susanhewitt,Susan J. Hewitt,2017-04-10 22:42:40 UTC,2020-04-07 22:53:32 UTC,research,CC-BY-NC,https://www.inaturalist.org/observations/5642828,https://inaturalist-open-data.s3.amazonaws.com/photos/6982354/medium.jpg,,"NYC, marine life","",1,0,false,3,"Ward's Island, New York County, New York City Parks, US-NY, US",40.789497,-73.932519,43,,,,43,,,false,,,Cyanea fulva,Cyanea fulva,Atlantic Lion's Mane Jelly,Animalia,1064817
5686227,Fri Apr 14 2017 08:26:13 GMT-0400 (EDT),2017-04-14,2017-04-14 12:26:13 UTC,Eastern Time (US & Canada),315062,caterinapan,,2017-04-14 13:22:22 UTC,2020-04-04 21:00:53 UTC,needs_id,CC-BY-NC,https://www.inaturalist.org/observations/5686227,https://inaturalist-open-data.s3.amazonaws.com/photos/7042944/medium.jpg,,"",,1,0,false,3,"Shepard Ave, New York, NY, US",40.805890503,-73.7963486342,37,,,,37,,,false,,,Cyanea,Cyanea fulva,Atlantic Lion's Mane Jelly,Animalia,1064817
6898986,Mon Nov 07 2016 09:49:52 GMT-0500 (EST),2016-11-07,2016-11-07 14:49:52 UTC,Eastern Time (US & Canada),519154,spinosaurusrocks,"",2017-07-03 05:37:34 UTC,2020-04-05 00:57:15 UTC,research,CC-BY-NC,https://www.inaturalist.org/observations/6898986,https://static.inaturalist.org/photos/8803829/medium.jpg,,"",,1,0,false,3,"105 Greenmanville Ave, Stonington, CT, US",41.3613783333,-71.9667666667,,,,,,,,false,,,Cyanea fulva,Cyanea fulva,Atlantic Lion's Mane Jelly,Animalia,1064817
11912836,2018/04/30 12:56 PM EDT,2018-04-30,2018-04-30 16:56:00 UTC,Eastern Time (US & Canada),35078,srall,Sara Rall,2018-04-30 20:06:34 UTC,2020-04-04 20:49:32 UTC,needs_id,CC-BY-NC,https://www.inaturalist.org/observations/11912836,https://inaturalist-open-data.s3.amazonaws.com/photos/17053921/medium.jpeg,,"",,1,0,false,,"Tottenville, Staten Island, NY, USA",40.5022810572,-74.2544674873,136,,,,136,,,false,,,Lion's Mane Jellyfish,Cyanea fulva,Atlantic Lion's Mane Jelly,Animalia,1064817
12133449,Fri May 04 2018 13:05:48 GMT-0400 (EDT),2018-05-04,2018-05-04 17:05:48 UTC,Eastern Time (US & Canada),654597,craghorne,,2018-05-04 17:06:01 UTC,2020-04-04 21:26:38 UTC,needs_id,,https://www.inaturalist.org/observations/12133449,https://static.inaturalist.org/photos/17410337/medium.jpg,,"",,1,0,false,3,"15 1st St, Waterford, CT, US",41.3251038362,-72.1761797928,10,,,,10,,,false,,,Lion's Mane Jellies,Cyanea fulva,Atlantic Lion's Mane Jelly,Animalia,1064817
16256979,2015/05/07 4:47 PM EDT,2015-05-07,2015-05-07 20:47:00 UTC,Eastern Time (US & Canada),865831,joekunk,Joe Kunkel,2018-09-06 13:49:24 UTC,2020-04-05 20:16:30 UTC,research,CC-BY-NC,https://www.inaturalist.org/observations/16256979,https://inaturalist-open-data.s3.amazonaws.com/photos/24406588/medium.jpg,,"",,1,0,false,,"Melville, Portsmouth, RI, USA",41.5250333703,-71.3129969264,977,,,,977,,,false,,,Cyanea fulva,Cyanea fulva,Atlantic Lion's Mane Jelly,Animalia,1064817
21763340,Thu Jun 21 2018 15:34:32 GMT-0400 (EDT),2018-06-21,2018-06-21 19:34:32 UTC,Eastern Time (US & Canada),238751,ryanfernand,Ryan Fernand,2019-03-30 02:30:19 UTC,2020-04-05 04:48:31 UTC,research,CC-BY-NC,https://www.inaturalist.org/observations/21763340,https://inaturalist-open-data.s3.amazonaws.com/photos/33707297/medium.jpg,,"",,1,0,false,3,"Fire Island National Seashore, Patchogue, NY, US",40.728145,-72.8775166667,5,,,,5,,,false,,,Cyanea fulva,Cyanea fulva,Atlantic Lion's Mane Jelly,Animalia,1064817
21963173,Wed Apr 03 2019 17:41:09 GMT-0400 (EDT),2019-04-03,2019-04-03 21:41:09 UTC,Eastern Time (US & Canada),1509361,denise_aikens_4km,,2019-04-03 23:05:41 UTC,2020-04-04 21:01:11 UTC,needs_id,CC-BY-NC,https://www.inaturalist.org/observations/21963173,https://inaturalist-open-data.s3.amazonaws.com/photos/34038755/medium.jpg,,"",A stranded jellyfish ,1,0,false,3,"Long Island Sound, New York, NY, US",40.851745,-73.8171,24,,,,24,,,false,,,Lion's Mane Jellies,Cyanea fulva,Atlantic Lion's Mane Jelly,Animalia,1064817
22087986,Sat Apr 06 2019 11:27:01 GMT-0400 (EDT),2019-04-06,2019-04-06 15:27:01 UTC,Eastern Time (US & Canada),1062382,margiebrennan44,,2019-04-06 15:27:33 UTC,2022-11-08 19:23:03 UTC,research,,https://www.inaturalist.org/observations/22087986,https://static.inaturalist.org/photos/34199570/medium.jpg,,"",,2,0,false,3,"Aquidneck Island, Portsmouth, RI, US",41.5568066476,-71.2377012181,200,,,,200,,,false,,,Atlantic Lion's Mane Jelly,Cyanea fulva,Atlantic Lion's Mane Jelly,Animalia,1064817
22096926,Thu Aug 18 2016 13:24:02 GMT-0400 (EDT),2016-08-18,2016-08-18 17:24:02 UTC,Eastern Time (US & Canada),238751,ryanfernand,Ryan Fernand,2019-04-06 16:43:59 UTC,2020-04-05 04:48:41 UTC,research,CC-BY-NC,https://www.inaturalist.org/observations/22096926,https://inaturalist-open-data.s3.amazonaws.com/photos/34205315/medium.jpg,,"",,1,0,false,3,"Bluff Point State Park, New London, CT, US",41.3293033333,-72.0338971667,5,,,,5,,,false,,,Cyanea fulva,Cyanea fulva,Atlantic Lion's Mane Jelly,Animalia,1064817
22676870,2019-04-07 3:52:54 PM EDT,2019-04-07,2019-04-07 19:52:54 UTC,Eastern Time (US & Canada),679425,tomzuckerscharff,Tom Zucker-Scharff,2019-04-18 21:37:26 UTC,2020-04-06 13:11:11 UTC,research,CC0,https://www.inaturalist.org/observations/22676870,https://inaturalist-open-data.s3.amazonaws.com/photos/35137036/medium.jpeg,,"",,1,0,false,2,"92 Harbor Ln W, New Rochelle, NY 10805, USA",40.8891677856,-73.7841644287,,,,,,,,false,gps,gps,Cyanea fulva,Cyanea fulva,Atlantic Lion's Mane Jelly,Animalia,1064817
23514487,2019/04/27 12:25 PM EDT,2019-04-27,2019-04-27 16:25:00 UTC,Eastern Time (US & Canada),440756,mattparr,Matt Parr,2019-04-28 00:08:14 UTC,2020-04-04 21:00:08 UTC,needs_id,CC-BY-NC,https://www.inaturalist.org/observations/23514487,https://inaturalist-open-data.s3.amazonaws.com/photos/36410827/medium.jpeg,,"",,1,0,false,,"Randalls Island, New York, NY, USA",40.7883465887,-73.9327411685,216,,,,216,,,false,,,Lion's Mane Jellies,Cyanea fulva,Atlantic Lion's Mane Jelly,Animalia,1064817
24100831,Tue Mar 26 2019 14:02:21 GMT-0700 (PDT),2019-03-26,2019-03-26 21:02:21 UTC,Pacific Time (US & Canada),449458,wildlifeguru,,2019-04-30 01:44:09 UTC,2020-04-04 21:06:04 UTC,needs_id,,https://www.inaturalist.org/observations/24100831,https://static.inaturalist.org/photos/37271657/medium.jpg,,"",,1,0,false,3,"875 Meadow Ln, Southampton, NY, US",40.8598787266,-72.4280038485,18,,,,18,,,false,,,Lion's Mane Jellies,Cyanea fulva,Atlantic Lion's Mane Jelly,Animalia,1064817
24703310,Wed Apr 17 2019 18:10:41 GMT-0400 (EDT),2019-04-17,2019-04-17 22:10:41 UTC,Eastern Time (US & Canada),519154,spinosaurusrocks,"",2019-05-07 00:50:05 UTC,2020-04-05 00:56:21 UTC,research,,https://www.inaturalist.org/observations/24703310,https://static.inaturalist.org/photos/38201620/medium.jpg,,"",C. fulva.,1,0,false,3,"06460, Milford, CT, US",41.1944509544,-73.0606708163,72,,,,72,,,false,,,Cyanea fulva,Cyanea fulva,Atlantic Lion's Mane Jelly,Animalia,1064817
26556251,2018-05-02,2018-05-02,,UTC,1838128,foxmoor75,,2019-06-07 16:14:12 UTC,2020-04-04 22:15:15 UTC,research,,https://www.inaturalist.org/observations/26556251,https://inaturalist-open-data.s3.amazonaws.com/photos/41245311/medium.jpeg,,"",,2,0,false,333,Fire Island,40.6280214484,-73.1992484682,,,,,,,,false,,,Cyanea fulva,Cyanea fulva,Atlantic Lion's Mane Jelly,Animalia,1064817
33635412,Fri Sep 27 2019 12:36:45 GMT-0400 (EDT),2019-09-27,2019-09-27 16:36:45 UTC,Eastern Time (US & Canada),1142654,bernatree,Bernat Espigulé,2019-09-30 04:17:18 UTC,2022-11-05 11:36:57 UTC,needs_id,CC-BY-NC,https://www.inaturalist.org/observations/33635412,https://inaturalist-open-data.s3.amazonaws.com/photos/52848135/medium.jpg,,"",,1,0,false,3,"Rhode Island Sound, Newport, RI, US",41.4591216667,-71.3195583333,4,,,,4,,,false,,,Lion's Mane Jellies,Cyanea fulva,Atlantic Lion's Mane Jelly,Animalia,1064817
34892773,Fri Oct 25 2019 11:22:36 GMT-0400 (EDT),2019-10-25,2019-10-25 15:22:36 UTC,Eastern Time (US & Canada),136119,ctobitsch,Christina,2019-10-26 00:10:58 UTC,2020-07-11 07:38:55 UTC,needs_id,CC-BY-NC,https://www.inaturalist.org/observations/34892773,https://inaturalist-open-data.s3.amazonaws.com/photos/54974671/medium.jpg,,"","Lion’s Mane maybe? Students found it washed up on beach.. torn in 2 pieces 
",1,0,false,3,"East River, New York, NY, US",40.7043714273,-73.9906055906,19,,,,19,,,false,,,Cyanea fulva,Cyanea fulva,Atlantic Lion's Mane Jelly,Animalia,1064817
35353112,2008/07/11 1:51 PM EDT,2008-07-11,2008-07-11 17:51:00 UTC,Eastern Time (US & Canada),1134180,jane_tatlock,Jane Tatlock,2019-11-06 02:42:22 UTC,2020-04-05 18:46:52 UTC,research,CC-BY-NC,https://www.inaturalist.org/observations/35353112,https://inaturalist-open-data.s3.amazonaws.com/photos/55724262/medium.jpg,,"",,1,0,false,,"Financial District, New York, NY, USA",40.7016772021,-74.0101504256,38,,,,38,,,false,,,Cyanea fulva,Cyanea fulva,Atlantic Lion's Mane Jelly,Animalia,1064817
37416588,Sat Aug 24 2019 16:14:17 GMT-0400 (EDT),2019-08-24,2019-08-24 20:14:17 UTC,America/New_York,2517340,muirmuir,Connell Boken,2020-01-09 03:04:57 UTC,2020-04-04 23:27:47 UTC,research,CC-BY-NC,https://www.inaturalist.org/observations/37416588,https://inaturalist-open-data.s3.amazonaws.com/photos/59312199/medium.jpg,,"",,1,0,false,3,"Ocean Beach Park, New London, CT, US",41.3051533333,-72.102975,,,,,,,,false,,,Cyanea fulva,Cyanea fulva,Atlantic Lion's Mane Jelly,Animalia,1064817
39408404,Sun Mar 01 2020 08:04:07 GMT-0500 (EST),2020-03-01,2020-03-01 13:04:07 UTC,Eastern Time (US & Canada),492920,chrislb104,,2020-03-01 17:02:37 UTC,2020-04-06 17:02:42 UTC,research,,https://www.inaturalist.org/observations/39408404,https://static.inaturalist.org/photos/62519316/medium.jpg,,"",,1,0,false,3,"Warwick, RI, US",41.68640833,-71.43425,4,,,,4,,,false,,,Cyanea fulva,Cyanea fulva,Atlantic Lion's Mane Jelly,Animalia,1064817
40435426,2020-03-18 3:10:50 PM EDT,2020-03-18,2020-03-18 19:10:50 UTC,Eastern Time (US & Canada),474848,sallyhb,,2020-03-22 01:03:03 UTC,2020-06-18 19:05:09 UTC,research,CC-BY-NC,https://www.inaturalist.org/observations/40435426,https://inaturalist-open-data.s3.amazonaws.com/photos/64173059/medium.jpeg,,"",,2,0,false,2,"Bronx County, US-NY, US",40.8519444444,-73.7858333333,,,,,,,,false,gps,gps,Cyanea fulva,Cyanea fulva,Atlantic Lion's Mane Jelly,Animalia,1064817
40786560,Thu Mar 26 2020 15:32:24 GMT-0400 (EDT),2020-03-26,2020-03-26 19:32:24 UTC,Eastern Time (US & Canada),492920,chrislb104,,2020-03-26 23:15:58 UTC,2020-04-06 17:01:53 UTC,research,,https://www.inaturalist.org/observations/40786560,https://static.inaturalist.org/photos/64654911/medium.jpg,,"",,1,0,false,3,"Capron Farm Dr, Warwick, RI, US",41.68597,-71.43008333,4,,,,4,,,false,,,Cyanea fulva,Cyanea fulva,Atlantic Lion's Mane Jelly,Animalia,1064817
40881557,Sat Mar 28 2020 10:14:49 GMT-0400 (EDT),2020-03-28,2020-03-28 14:14:49 UTC,Eastern Time (US & Canada),2642697,lolomuscio,,2020-03-28 14:15:10 UTC,2020-04-04 21:06:16 UTC,research,CC-BY-NC,https://www.inaturalist.org/observations/40881557,https://inaturalist-open-data.s3.amazonaws.com/photos/64813950/medium.jpg,,"",,1,0,false,3,"Shelter Island Sound, Shelter Island Heights, NY, US",41.041570767,-72.3462811121,32,,,,32,,,false,,,Lion's Mane Jellies,Cyanea fulva,Atlantic Lion's Mane Jelly,Animalia,1064817
40921425,2020-03-28 12:07:24 PM EDT,2020-03-28,2020-03-28 16:07:24 UTC,Eastern Time (US & Canada),1525893,nightowls,LINY-SNJ,2020-03-28 22:37:20 UTC,2020-04-04 21:05:52 UTC,research,CC-BY-NC,https://www.inaturalist.org/observations/40921425,https://inaturalist-open-data.s3.amazonaws.com/photos/64877470/medium.jpeg,,"",,1,0,false,2,"Riverhead, NY 11901, USA",40.9259682327,-72.6163908094,33,,,,33,,,false,gps,gps,Lion's Mane Jellies,Cyanea fulva,Atlantic Lion's Mane Jelly,Animalia,1064817
41402464,Sat Mar 21 2020 17:11:21 GMT-0400 (EDT),2020-03-21,2020-03-21 21:11:21 UTC,Eastern Time (US & Canada),972206,dawildchild,,2020-04-04 23:01:02 UTC,2022-04-23 04:01:16 UTC,research,,https://www.inaturalist.org/observations/41402464,https://static.inaturalist.org/photos/69539838/medium.jpg,,"",,1,0,false,3,"Hutchinson River, New York, NY, US",40.86174667,-73.81041667,12,,,,12,,,false,,,Cyanea fulva,Cyanea fulva,Atlantic Lion's Mane Jelly,Animalia,1064817
41506296,2020/04/05 1:32 PM UTC,2020-04-05,,UTC,2584034,jennie-wren,,2020-04-06 02:49:15 UTC,2020-04-06 12:21:45 UTC,research,CC-BY-NC,https://www.inaturalist.org/observations/41506296,https://inaturalist-open-data.s3.amazonaws.com/photos/65848154/medium.jpg,,"",,2,0,false,,"Madison, CT 06443, USA",41.282925,-72.6350861111,2043,,,,2043,,,false,,,Cyanea fulva,Cyanea fulva,Atlantic Lion's Mane Jelly,Animalia,1064817
41506323,2020/04/05 12:35 PM UTC,2020-04-05,2020-04-05 12:35:00 UTC,UTC,2584034,jennie-wren,,2020-04-06 02:49:35 UTC,2020-04-06 12:21:59 UTC,research,CC-BY-NC,https://www.inaturalist.org/observations/41506323,https://inaturalist-open-data.s3.amazonaws.com/photos/65848277/medium.jpg,,"",,2,0,false,,"Madison, CT 06443, USA",41.2642861111,-72.5640722222,78,,,,78,,,false,,,Cyanea fulva,Cyanea fulva,Atlantic Lion's Mane Jelly,Animalia,1064817
41506339,2020/04/05 12:37 PM UTC,2020-04-05,2020-04-05 12:37:00 UTC,UTC,2584034,jennie-wren,,2020-04-06 02:49:47 UTC,2020-04-06 12:22:10 UTC,research,CC-BY-NC,https://www.inaturalist.org/observations/41506339,https://inaturalist-open-data.s3.amazonaws.com/photos/65848682/medium.jpg,,"",,2,0,false,,"Madison, CT 06443, USA",41.2642527778,-72.5643611111,89,,,,89,,,false,,,Cyanea fulva,Cyanea fulva,Atlantic Lion's Mane Jelly,Animalia,1064817
41561570,Mon Apr 06 2020 14:35:16 GMT-0400 (EDT),2020-04-06,2020-04-06 18:35:16 UTC,Eastern Time (US & Canada),50920,susanhewitt,Susan J. Hewitt,2020-04-06 21:54:51 UTC,2020-10-31 01:52:59 UTC,research,CC-BY-NC,https://www.inaturalist.org/observations/41561570,https://inaturalist-open-data.s3.amazonaws.com/photos/65940519/medium.jpg,,"",,1,0,false,3,"Harlem River, New York, NY, US",40.7895881497,-73.9325252083,10,,,,10,,,false,,,Cyanea fulva,Cyanea fulva,Atlantic Lion's Mane Jelly,Animalia,1064817
42032286,2020-04-12 4:49:45 PM EDT,2020-04-12,2020-04-12 20:49:45 UTC,Eastern Time (US & Canada),1022587,aaronweber,Aaron Weber,2020-04-12 20:51:01 UTC,2020-05-29 18:43:39 UTC,needs_id,,https://www.inaturalist.org/observations/42032286,https://static.inaturalist.org/photos/66710447/medium.jpeg,,"",,1,0,false,2,"Colt Dr, Bristol, RI 02809, USA",41.68493981,-71.29583976,6,,,,6,,,false,,,Cyanea fulva,Cyanea fulva,Atlantic Lion's Mane Jelly,Animalia,1064817
42165878,Sat Apr 04 2020 16:36:01 GMT-0400 (EDT),2020-04-04,2020-04-04 20:36:01 UTC,Eastern Time (US & Canada),2639000,kdank,,2020-04-14 15:38:41 UTC,2020-04-14 20:24:22 UTC,research,CC-BY-NC,https://www.inaturalist.org/observations/42165878,https://inaturalist-open-data.s3.amazonaws.com/photos/66936568/medium.jpg,,"",,1,0,false,3,"North Atlantic Ocean, Tiverton, RI, US",41.6379165524,-71.2115680654,24,,,,24,,,false,,,Cyanea fulva,Cyanea fulva,Atlantic Lion's Mane Jelly,Animalia,1064817
42210266,Sat Apr 11 2020 15:21:41 GMT-0400 (EDT),2020-04-11,2020-04-11 19:21:41 UTC,Eastern Time (US & Canada),1394237,allyjune,,2020-04-15 02:06:11 UTC,2020-04-16 02:19:20 UTC,research,,https://www.inaturalist.org/observations/42210266,https://static.inaturalist.org/photos/67007845/medium.jpg,,"",Spotted three of these in close proximity,2,0,false,3,"West Cove, Jamestown, RI, US",41.4782171901,-71.3603017745,357,,,,357,,,false,,,Cyanea fulva,Cyanea fulva,Atlantic Lion's Mane Jelly,Animalia,1064817
43445077,Sat Apr 25 2020 12:54:59 GMT-0400 (EDT),2020-04-25,2020-04-25 16:54:59 UTC,Eastern Time (US & Canada),1679175,kyleekeefer,Kylee Keefer,2020-04-25 20:57:30 UTC,2020-04-27 12:58:02 UTC,research,,https://www.inaturalist.org/observations/43445077,https://static.inaturalist.org/photos/68933291/medium.jpg,,"",,2,0,false,3,"Narragansett St, North Kingstown, RI, US",41.634125,-71.40734167,8,,,,8,,,false,,,Cyanea fulva,Cyanea fulva,Atlantic Lion's Mane Jelly,Animalia,1064817
44057508,Sat Apr 25 2020 16:45:48 GMT-0400 (EDT),2020-04-25,2020-04-25 20:45:48 UTC,Eastern Time (US & Canada),1394237,allyjune,,2020-04-28 02:09:53 UTC,2020-05-03 04:25:06 UTC,research,,https://www.inaturalist.org/observations/44057508,https://static.inaturalist.org/photos/69857987/medium.jpg,,"",,2,0,false,3,"Entrance Channel, Jamestown, RI, US",41.4788963676,-71.361251879,22,,,,22,,,false,,,Cyanea fulva,Cyanea fulva,Atlantic Lion's Mane Jelly,Animalia,1064817
44278516,Wed Apr 29 2020 14:17:29 GMT-0400 (EDT),2020-04-29,2020-04-29 18:17:29 UTC,Eastern Time (US & Canada),2820798,haleyrosenthal,Haley Rosenthal,2020-04-29 18:18:26 UTC,2020-05-29 18:34:00 UTC,research,,https://www.inaturalist.org/observations/44278516,https://static.inaturalist.org/photos/70202514/medium.jpg,,"","Some plastic pictures with the jellies haha but definitely some jelly fish!
",3,1,false,3,"Newport Harbor, Newport, RI, US",41.4766884123,-71.3212634455,11,,,,11,,,false,,,Cyanea fulva,Cyanea fulva,Atlantic Lion's Mane Jelly,Animalia,1064817
44288485,Wed Apr 29 2020 14:18:34 GMT-0400 (EDT),2020-04-29,2020-04-29 18:18:34 UTC,Eastern Time (US & Canada),2820798,haleyrosenthal,Haley Rosenthal,2020-04-29 19:37:44 UTC,2020-05-29 18:34:16 UTC,research,,https://www.inaturalist.org/observations/44288485,https://static.inaturalist.org/photos/70216693/medium.jpg,,"",,2,0,false,3,"Newport Harbor, Newport, RI, US",41.4767279332,-71.3212475125,9,,,,9,,,false,,,Cyanea fulva,Cyanea fulva,Atlantic Lion's Mane Jelly,Animalia,1064817
44661775,Sat May 02 2020 19:21:52 GMT-0400 (EDT),2020-05-02,2020-05-02 23:21:52 UTC,Eastern Time (US & Canada),1486416,papagena08,Gena Anika,2020-05-02 23:27:29 UTC,2020-07-24 15:15:21 UTC,research,CC-BY-NC,https://www.inaturalist.org/observations/44661775,https://inaturalist-open-data.s3.amazonaws.com/photos/70807509/medium.jpg,,"",,2,0,false,3,"Oakland Beach, Warwick, RI, US",41.6839251062,-71.3986956608,5,,,,5,,,false,,,Cyanea fulva,Cyanea fulva,Atlantic Lion's Mane Jelly,Animalia,1064817
45643027,Mon May 11 2020 20:02:48 GMT-0400 (EDT),2020-05-11,2020-05-12 00:02:48 UTC,Eastern Time (US & Canada),2932374,veronicaalmeida,veronica almeida,2020-05-12 00:36:36 UTC,2020-05-13 06:11:15 UTC,research,,https://www.inaturalist.org/observations/45643027,https://static.inaturalist.org/photos/72382808/medium.jpg,,"","There were a lot of these washed up on the shore today, this one being the largest and some the size a ping pong ball. Any species suggestions? ",2,0,false,3,"North Atlantic Ocean, Narragansett, RI, US",41.43441667,-71.45539167,5,,,,5,,,false,,,Cyanea fulva,Cyanea fulva,Atlantic Lion's Mane Jelly,Animalia,1064817
46633977,Wed May 20 2020 11:35:57 GMT-0400 (EDT),2020-05-20,2020-05-20 15:35:57 UTC,Eastern Time (US & Canada),574660,sawyerb,Sawyer Baran,2020-05-20 19:00:45 UTC,2020-05-23 18:33:59 UTC,research,CC-BY,https://www.inaturalist.org/observations/46633977,https://static.inaturalist.org/photos/73963772/medium.jpg,,"",,1,0,false,3,"North Atlantic Ocean, Niantic, CT, US",41.30039167,-72.23741167,6,,,,6,,,false,,,Cyanea fulva,Cyanea fulva,Atlantic Lion's Mane Jelly,Animalia,1064817
46929024,Wed May 20 2020 18:08:56 GMT-0400 (EDT),2020-05-20,2020-05-20 22:08:56 UTC,Eastern Time (US & Canada),1573446,jennywebs,Jennifer Weber,2020-05-23 04:32:01 UTC,2023-05-24 00:39:01 UTC,research,,https://www.inaturalist.org/observations/46929024,https://static.inaturalist.org/photos/74428099/medium.jpg,,"","Not sure what kind of jellyfish this is, saw a ton of them.
",2,0,false,3,"Nells Island, Milford, CT, US",41.1790070984,-73.1215051822,574,,,,574,,,false,,,Cyanea fulva,Cyanea fulva,Atlantic Lion's Mane Jelly,Animalia,1064817
47165623,Sun May 24 2020 13:00:15 GMT-0400 (EDT),2020-05-24,2020-05-24 17:00:15 UTC,Eastern Time (US & Canada),2516278,karibbeanisland,Kari Wall,2020-05-24 19:39:00 UTC,2020-05-30 22:48:09 UTC,research,,https://www.inaturalist.org/observations/47165623,https://static.inaturalist.org/photos/74799852/medium.jpg,,"",,1,0,false,3,"Bluff Point Coastal Reserve, New London, CT, US",41.31808,-72.0390695,4,,,,4,,,false,,,Cyanea fulva,Cyanea fulva,Atlantic Lion's Mane Jelly,Animalia,1064817
47278853,Mon May 25 2020 11:59:55 GMT-0400 (EDT),2020-05-25,2020-05-25 15:59:55 UTC,Eastern Time (US & Canada),1175710,arthurbaraf,Arthur Baraf,2020-05-25 16:00:34 UTC,2020-05-29 00:04:08 UTC,research,,https://www.inaturalist.org/observations/47278853,https://static.inaturalist.org/photos/74982742/medium.jpg,,"",,2,0,false,3,"West Passage, Saunderstown, RI, US",41.5362387576,-71.418692892,4,,,,4,,,false,,,Cyanea fulva,Cyanea fulva,Atlantic Lion's Mane Jelly,Animalia,1064817
47297492,2020/05/25 12:31 PM EDT,2020-05-25,2020-05-25 16:31:00 UTC,Eastern Time (US & Canada),2788422,chickenparmesan24,Tyler,2020-05-25 18:07:00 UTC,2020-05-25 20:29:02 UTC,research,CC-BY,https://www.inaturalist.org/observations/47297492,https://inaturalist-open-data.s3.amazonaws.com/photos/75011347/medium.jpeg,,"",,1,0,false,,"Bristol, RI 02809, USA",41.681479632,-71.2988357482,8,,,,8,,,false,,,Cyanea fulva,Cyanea fulva,Atlantic Lion's Mane Jelly,Animalia,1064817
48264982,Sat Apr 09 2016 13:42:20 GMT-0400 (EDT),2016-04-09,2016-04-09 17:42:20 UTC,Eastern Time (US & Canada),3112842,jessicaginn,,2020-06-02 19:37:52 UTC,2020-06-25 15:50:17 UTC,research,CC-BY-NC,https://www.inaturalist.org/observations/48264982,https://inaturalist-open-data.s3.amazonaws.com/photos/76572737/medium.jpg,,"",,1,0,false,3,"Greenwich Bay, Warwick, RI, US",41.6670416667,-71.4396277778,,,,,,,,false,,,Cyanea fulva,Cyanea fulva,Atlantic Lion's Mane Jelly,Animalia,1064817
48265575,Thu Mar 26 2020 13:16:17 GMT-0400 (EDT),2020-03-26,2020-03-26 17:16:17 UTC,Eastern Time (US & Canada),3112842,jessicaginn,,2020-06-02 19:43:28 UTC,2020-06-25 15:49:59 UTC,research,CC-BY-NC,https://www.inaturalist.org/observations/48265575,https://inaturalist-open-data.s3.amazonaws.com/photos/76573614/medium.jpg,,"",,1,0,false,3,"Sapowet Cove, Tiverton, RI, US",41.5829383333,-71.211905,,,,,,,,false,,,Cyanea fulva,Cyanea fulva,Atlantic Lion's Mane Jelly,Animalia,1064817
51699058,Thu Jul 02 2020 11:31:26 GMT-0400 (EDT),2020-07-02,2020-07-02 15:31:26 UTC,Eastern Time (US & Canada),3263257,alexarosenberg,,2020-07-02 15:32:06 UTC,2020-07-03 05:18:08 UTC,needs_id,CC-BY-NC,https://www.inaturalist.org/observations/51699058,https://inaturalist-open-data.s3.amazonaws.com/photos/82155823/medium.jpg,,"",,1,0,false,3,"Fishers Island, Fishers Island, NY, US",41.2564165704,-72.0304903296,5,,,,5,,,false,,,Cyanea fulva,Cyanea fulva,Atlantic Lion's Mane Jelly,Animalia,1064817
52644844,Thu Mar 05 2020 11:29:42 GMT-0500 (EST),2020-03-05,2020-03-05 16:29:42 UTC,Eastern Time (US & Canada),2831973,amy_lind,,2020-07-11 04:18:59 UTC,2020-07-12 22:30:24 UTC,research,CC-BY-NC,https://www.inaturalist.org/observations/52644844,https://inaturalist-open-data.s3.amazonaws.com/photos/83700951/medium.jpg,,"",,1,0,false,3,"North Atlantic Ocean, Tiverton, RI, US",41.624775,-71.21366167,24,,,,24,,,false,,,Cyanea fulva,Cyanea fulva,Atlantic Lion's Mane Jelly,Animalia,1064817
71762568,Sun Mar 21 2021 14:32:04 GMT-0400 (EDT),2021-03-21,2021-03-21 18:32:04 UTC,Eastern Time (US & Canada),3407654,justineleehirten,Justine Lee Hirten,2021-03-22 00:59:13 UTC,2021-03-22 19:50:44 UTC,needs_id,CC-BY,https://www.inaturalist.org/observations/71762568,https://inaturalist-open-data.s3.amazonaws.com/photos/116887396/medium.jpg,,"","",1,0,false,3,"North Atlantic Ocean, Norwalk, CT, US",41.1369441916,-73.2392294985,5,,,,5,,,false,,,Atlantic Lion's Mane Jelly,Cyanea fulva,Atlantic Lion's Mane Jelly,Animalia,1064817
73521011,Sat Apr 10 2021 14:43:08 GMT-0400 (EDT),2021-04-10,2021-04-10 18:43:08 UTC,Eastern Time (US & Canada),1641612,stephenmcdonald,Stephen McDonald,2021-04-10 18:43:22 UTC,2021-04-18 23:55:33 UTC,needs_id,,https://www.inaturalist.org/observations/73521011,https://static.inaturalist.org/photos/120038139/medium.jpg,,"","",0,1,false,3,"Alvord Beach, Norwalk, CT, US",41.1137013464,-73.3248817391,1075,,,,1075,,,false,,,Lion's Mane Jellies,Cyanea fulva,Atlantic Lion's Mane Jelly,Animalia,1064817
73899900,2021/04/13 3:30 PM EDT,2021-04-13,2021-04-13 19:30:00 UTC,Eastern Time (US & Canada),3755992,chrisekholm1,Chris Ekholm,2021-04-14 00:41:16 UTC,2022-02-04 11:29:12 UTC,research,CC-BY-NC,https://www.inaturalist.org/observations/73899900,https://inaturalist-open-data.s3.amazonaws.com/photos/120712529/medium.jpg,,"",,1,0,false,,"Bristol, RI 02809, USA",41.6813722715,-71.2990691175,20,,,,20,,,false,,,Atlantic Lion's Mane Jelly,Cyanea fulva,Atlantic Lion's Mane Jelly,Animalia,1064817
73900965,2021/04/13 3:30 PM EDT,2021-04-13,2021-04-13 19:30:00 UTC,Eastern Time (US & Canada),2788422,chickenparmesan24,Tyler,2021-04-14 00:55:59 UTC,2021-04-14 00:56:00 UTC,needs_id,CC-BY,https://www.inaturalist.org/observations/73900965,https://inaturalist-open-data.s3.amazonaws.com/photos/120712092/medium.jpeg,,"",,0,0,false,,"Bristol, RI 02809, USA",41.681451505,-71.2988004882,4,,,,4,,,false,,,Atlantic Lion's Mane Jelly,Cyanea fulva,Atlantic Lion's Mane Jelly,Animalia,1064817
73900966,2021/04/13 3:31 PM EDT,2021-04-13,2021-04-13 19:31:00 UTC,Eastern Time (US & Canada),2788422,chickenparmesan24,Tyler,2021-04-14 00:56:00 UTC,2021-04-14 00:56:00 UTC,needs_id,CC-BY,https://www.inaturalist.org/observations/73900966,https://inaturalist-open-data.s3.amazonaws.com/photos/120713593/medium.jpeg,,"",,0,0,false,,"Bristol, RI 02809, USA",41.6813934117,-71.2988085348,4,,,,4,,,false,,,Atlantic Lion's Mane Jelly,Cyanea fulva,Atlantic Lion's Mane Jelly,Animalia,1064817
73907026,Tue Apr 13 2021 22:16:39 GMT-0400 (EDT),2021-04-13,2021-04-14 02:16:39 UTC,Eastern Time (US & Canada),682638,gil5,Gil Lopez,2021-04-14 02:18:53 UTC,2021-04-16 03:24:36 UTC,research,CC-BY-NC-SA,https://www.inaturalist.org/observations/73907026,https://inaturalist-open-data.s3.amazonaws.com/photos/120726683/medium.jpg,,"",Spotted during a cleanup on Luyster Creek (AKA Steinway Creek),1,0,false,3,"Long Island, New York, NY, US",40.7799916667,-73.9023583333,10,,,,10,,,false,,,Atlantic Lion's Mane Jelly,Cyanea fulva,Atlantic Lion's Mane Jelly,Animalia,1064817
74401950,Sun Apr 18 2021 13:54:39 GMT-0400 (EDT),2021-04-18,2021-04-18 17:54:39 UTC,Eastern Time (US & Canada),659858,jaxinewolfe,Jaxine Wolfe,2021-04-18 17:59:49 UTC,2022-01-29 20:33:14 UTC,needs_id,,https://www.inaturalist.org/observations/74401950,https://static.inaturalist.org/photos/121594213/medium.jpg,,"","",1,0,false,3,"West Passage, North Kingstown, RI, US",41.5237131555,-71.4155011696,69,,,,69,,,false,,,Lion's Mane Jellies,Cyanea fulva,Atlantic Lion's Mane Jelly,Animalia,1064817
74735161,2021/04/20 12:48 PM EDT,2021-04-20,2021-04-20 16:48:00 UTC,Eastern Time (US & Canada),3000168,shayes-hrpk,"",2021-04-21 14:09:58 UTC,2022-01-28 12:37:44 UTC,needs_id,CC-BY-NC,https://www.inaturalist.org/observations/74735161,https://inaturalist-open-data.s3.amazonaws.com/photos/122182048/medium.jpeg,,"",Fish ecology survey traps,1,0,false,,"Manhattan, New York, NY, USA",40.7281916667,-74.012,10,,,,10,,,false,,,Atlantic Lion's Mane Jelly,Cyanea fulva,Atlantic Lion's Mane Jelly,Animalia,1064817
76719425,Sun May 02 2021 15:01:35 GMT-0400 (EDT),2021-05-02,2021-05-02 19:01:35 UTC,Eastern Time (US & Canada),4334270,devonpants,,2021-05-02 22:14:52 UTC,2022-01-28 12:36:42 UTC,needs_id,CC-BY-NC,https://www.inaturalist.org/observations/76719425,https://inaturalist-open-data.s3.amazonaws.com/photos/125477178/medium.jpg,,"","",1,0,false,3,"Sheffield Island Harbor, Norwalk, CT, US",41.0596828316,-73.4191206337,631,,,,631,,,false,,,Lion's Mane Jellies,Cyanea fulva,Atlantic Lion's Mane Jelly,Animalia,1064817
76764225,Sat Apr 17 2021 13:54:40 GMT-0400 (EDT),2021-04-17,2021-04-17 17:54:40 UTC,Eastern Time (US & Canada),2584034,jennie-wren,,2021-05-03 00:21:46 UTC,2021-05-03 00:22:20 UTC,needs_id,CC-BY-NC,https://www.inaturalist.org/observations/76764225,https://inaturalist-open-data.s3.amazonaws.com/photos/125548335/medium.jpg,,"","",0,0,false,3,"North Atlantic Ocean, Madison, CT, US",41.2677,-72.5702883333,4,,,,4,,,false,,,"",Cyanea fulva,Atlantic Lion's Mane Jelly,Animalia,1064817
80097190,Fri May 21 2021 13:53:09 GMT-0400 (EDT),2021-05-21,2021-05-21 17:53:09 UTC,Eastern Time (US & Canada),456901,applejaxs,"",2021-05-24 13:03:46 UTC,2021-05-27 17:47:40 UTC,needs_id,,https://www.inaturalist.org/observations/80097190,https://static.inaturalist.org/photos/131249470/medium.jpg,,"","",1,0,false,3,"Harlem River, New York, NY, US",40.7889855925,-73.9329032218,37,,,,37,,,false,,,Lion's Mane Jellies,Cyanea fulva,Atlantic Lion's Mane Jelly,Animalia,1064817
110083924,Fri Apr 01 2022 08:36:04 GMT-0400 (EDT),2022-04-01,2022-04-01 12:36:04 UTC,Eastern Time (US & Canada),4028009,pmccallum,,2022-04-01 12:36:18 UTC,2022-06-03 18:07:40 UTC,research,CC-BY-NC,https://www.inaturalist.org/observations/110083924,https://inaturalist-open-data.s3.amazonaws.com/photos/185647314/medium.jpg,,"","",1,0,false,3,"Long Island Sound, New York, NY, US",40.8497796458,-73.790861018,8,,,,8,,,false,,,Atlantic Lion's Mane Jelly,Cyanea fulva,Atlantic Lion's Mane Jelly,Animalia,1064817
110340134,Sat Apr 02 2022 12:41:11 GMT-0400 (EDT),2022-04-02,2022-04-02 16:41:11 UTC,Eastern Time (US & Canada),5328070,alibianco,,2022-04-03 22:52:00 UTC,2022-04-04 21:06:50 UTC,research,CC-BY-NC,https://www.inaturalist.org/observations/110340134,https://inaturalist-open-data.s3.amazonaws.com/photos/186117291/medium.jpg,,"","",1,0,false,3,"Welwyn County Preserve, Glen Cove, NY, US",40.889625,-73.6419666667,17,,,,17,,,false,,,Atlantic Lion's Mane Jelly,Cyanea fulva,Atlantic Lion's Mane Jelly,Animalia,1064817
110765711,Fri Apr 08 2022 10:48:53 GMT-0400 (EDT),2022-04-08,2022-04-08 14:48:53 UTC,Eastern Time (US & Canada),456901,applejaxs,"",2022-04-08 17:23:23 UTC,2022-04-08 23:25:48 UTC,needs_id,,https://www.inaturalist.org/observations/110765711,https://static.inaturalist.org/photos/186907567/medium.jpg,,"","",1,0,false,3,"Harlem River, New York, NY, US",40.78923,-73.932755,16,,,,16,,,false,,,Atlantic Lion's Mane Jelly,Cyanea fulva,Atlantic Lion's Mane Jelly,Animalia,1064817
110778182,Fri Apr 08 2022 10:51:52 GMT-0400 (EDT),2022-04-08,2022-04-08 14:51:52 UTC,Eastern Time (US & Canada),456901,applejaxs,"",2022-04-08 19:54:11 UTC,2022-04-08 23:24:59 UTC,needs_id,,https://www.inaturalist.org/observations/110778182,https://static.inaturalist.org/photos/186929559/medium.jpg,,"","",1,0,false,3,"Harlem River, New York, NY, US",40.7890783333,-73.933175,24,,,,24,,,false,,,Atlantic Lion's Mane Jelly,Cyanea fulva,Atlantic Lion's Mane Jelly,Animalia,1064817
110778205,Fri Apr 08 2022 10:52:32 GMT-0400 (EDT),2022-04-08,2022-04-08 14:52:32 UTC,Eastern Time (US & Canada),456901,applejaxs,"",2022-04-08 19:54:37 UTC,2022-04-08 23:24:47 UTC,needs_id,,https://www.inaturalist.org/observations/110778205,https://static.inaturalist.org/photos/186929627/medium.jpg,,"","",1,0,false,3,"Harlem River, New York, NY, US",40.7889966667,-73.9330366667,16,,,,16,,,false,,,Atlantic Lion's Mane Jelly,Cyanea fulva,Atlantic Lion's Mane Jelly,Animalia,1064817
110778259,Fri Apr 08 2022 10:52:44 GMT-0400 (EDT),2022-04-08,2022-04-08 14:52:44 UTC,Eastern Time (US & Canada),456901,applejaxs,"",2022-04-08 19:55:25 UTC,2022-04-08 23:24:34 UTC,needs_id,,https://www.inaturalist.org/observations/110778259,https://static.inaturalist.org/photos/186929736/medium.jpg,,"","",1,0,false,3,"Harlem River, New York, NY, US",40.788955,-73.933,6,,,,6,,,false,,,Atlantic Lion's Mane Jelly,Cyanea fulva,Atlantic Lion's Mane Jelly,Animalia,1064817
110778422,Fri Apr 08 2022 10:53:01 GMT-0400 (EDT),2022-04-08,2022-04-08 14:53:01 UTC,Eastern Time (US & Canada),456901,applejaxs,"",2022-04-08 19:57:58 UTC,2022-04-13 15:09:19 UTC,needs_id,,https://www.inaturalist.org/observations/110778422,https://static.inaturalist.org/photos/186930141/medium.jpg,,"","",1,0,false,3,"Harlem River, New York, NY, US",40.7889833333,-73.9329916667,6,,,,6,,,false,,,Atlantic Lion's Mane Jelly,Cyanea fulva,Atlantic Lion's Mane Jelly,Animalia,1064817
110778479,Fri Apr 08 2022 11:08:12 GMT-0400 (EDT),2022-04-08,2022-04-08 15:08:12 UTC,Eastern Time (US & Canada),456901,applejaxs,"",2022-04-08 19:59:09 UTC,2022-04-08 23:24:07 UTC,needs_id,,https://www.inaturalist.org/observations/110778479,https://static.inaturalist.org/photos/186930311/medium.jpg,,"","",1,0,false,3,"Harlem River, New York, NY, US",40.78922,-73.9328533333,12,,,,12,,,false,,,Atlantic Lion's Mane Jelly,Cyanea fulva,Atlantic Lion's Mane Jelly,Animalia,1064817
110798166,Fri Apr 08 2022 11:41:04 GMT-0400 (EDT),2022-04-08,2022-04-08 15:41:04 UTC,Eastern Time (US & Canada),456901,applejaxs,"",2022-04-08 23:43:19 UTC,2022-04-10 14:23:07 UTC,needs_id,,https://www.inaturalist.org/observations/110798166,https://static.inaturalist.org/photos/186966166/medium.jpg,,"","",1,0,false,3,"Harlem River, New York, NY, US",40.789555,-73.9329216667,200,,,,200,,,false,,,Atlantic Lion's Mane Jelly,Cyanea fulva,Atlantic Lion's Mane Jelly,Animalia,1064817
110812294,Fri Apr 08 2022 11:41:11 GMT-0400 (EDT),2022-04-08,2022-04-08 15:41:11 UTC,Eastern Time (US & Canada),456901,applejaxs,"",2022-04-09 03:01:46 UTC,2022-04-10 14:22:50 UTC,needs_id,,https://www.inaturalist.org/observations/110812294,https://static.inaturalist.org/photos/186993669/medium.jpg,,"","",1,0,false,3,"Harlem River, New York, NY, US",40.7892633333,-73.9327,16,,,,16,,,false,,,Atlantic Lion's Mane Jelly,Cyanea fulva,Atlantic Lion's Mane Jelly,Animalia,1064817
110812315,Fri Apr 08 2022 11:41:16 GMT-0400 (EDT),2022-04-08,2022-04-08 15:41:16 UTC,Eastern Time (US & Canada),456901,applejaxs,"",2022-04-09 03:02:14 UTC,2022-04-10 14:22:35 UTC,needs_id,,https://www.inaturalist.org/observations/110812315,https://static.inaturalist.org/photos/186993720/medium.jpg,,"","",1,0,false,3,"Harlem River, New York, NY, US",40.78927,-73.932695,8,,,,8,,,false,,,Atlantic Lion's Mane Jelly,Cyanea fulva,Atlantic Lion's Mane Jelly,Animalia,1064817
110812613,Fri Apr 08 2022 12:16:28 GMT-0400 (EDT),2022-04-08,2022-04-08 16:16:28 UTC,Eastern Time (US & Canada),456901,applejaxs,"",2022-04-09 03:06:16 UTC,2022-04-10 14:22:12 UTC,needs_id,,https://www.inaturalist.org/observations/110812613,https://static.inaturalist.org/photos/186994341/medium.jpg,,"","",1,0,false,3,"East River Playground, New York, NY, US",40.7891283333,-73.937705,78,,,,78,,,false,,,Atlantic Lion's Mane Jelly,Cyanea fulva,Atlantic Lion's Mane Jelly,Animalia,1064817
110812638,Fri Apr 08 2022 12:16:30 GMT-0400 (EDT),2022-04-08,2022-04-08 16:16:30 UTC,Eastern Time (US & Canada),456901,applejaxs,"",2022-04-09 03:06:30 UTC,2022-04-10 14:22:01 UTC,needs_id,,https://www.inaturalist.org/observations/110812638,https://static.inaturalist.org/photos/186994367/medium.jpg,,"","",1,0,false,3,"Harlem River, New York, NY, US",40.789375,-73.9343116667,64,,,,64,,,false,,,Atlantic Lion's Mane Jelly,Cyanea fulva,Atlantic Lion's Mane Jelly,Animalia,1064817
111143418,Mon Apr 11 2022 18:32:42 GMT-0400 (EDT),2022-04-11,2022-04-11 22:32:42 UTC,Eastern Time (US & Canada),1709961,haleyh,"",2022-04-11 22:39:00 UTC,2022-04-12 12:25:25 UTC,research,CC-BY-NC,https://www.inaturalist.org/observations/111143418,https://inaturalist-open-data.s3.amazonaws.com/photos/187587285/medium.jpg,,"","",1,0,false,3,"Smithtown Bay, Port Jefferson, NY, US",40.908225,-73.2257,17,,,,17,,,false,,,Atlantic Lion's Mane Jelly,Cyanea fulva,Atlantic Lion's Mane Jelly,Animalia,1064817
111334286,2022-04-13 15:40:38-03:00,2022-04-13,2022-04-13 18:40:38 UTC,Brasilia,1796915,swashley,,2022-04-13 18:42:45 UTC,2022-04-13 20:41:35 UTC,needs_id,CC-BY-NC,https://www.inaturalist.org/observations/111334286,https://inaturalist-open-data.s3.amazonaws.com/photos/187934080/medium.jpg,,"",About 5cm across. Tentacles are about three times the length of the body,1,0,false,3,"Greenwich Cove, East Greenwich, RI, US",41.6630539159,-71.4448380378,5,,,,5,,,false,,,Atlantic Lion's Mane Jelly,Cyanea fulva,Atlantic Lion's Mane Jelly,Animalia,1064817
111714330,2022-04-16 12:57:31,2022-04-16,2022-04-16 16:57:31 UTC,Eastern Time (US & Canada),1525893,nightowls,LINY-SNJ,2022-04-16 23:13:01 UTC,2022-04-16 23:35:05 UTC,research,CC-BY-NC,https://www.inaturalist.org/observations/111714330,https://inaturalist-open-data.s3.amazonaws.com/photos/188618735/medium.jpeg,,"",,1,0,false,2,"Brookhaven, NY, USA",40.9664584114,-73.0045181885,416,,,,416,,,false,gps,gps,Atlantic Lion's Mane Jelly,Cyanea fulva,Atlantic Lion's Mane Jelly,Animalia,1064817
113003397,2022-04-24 15:24:34-04:00,2022-04-24,2022-04-24 19:24:34 UTC,Eastern Time (US & Canada),5557087,benlovewell,,2022-04-26 19:19:39 UTC,2022-04-26 21:18:18 UTC,research,CC-BY-NC,https://www.inaturalist.org/observations/113003397,https://inaturalist-open-data.s3.amazonaws.com/photos/190920934/medium.jpg,,"","",1,0,false,3,"North Atlantic Ocean, Norwalk, CT, US",41.1145666667,-73.3442533333,4,,,,4,,,false,,,Atlantic Lion's Mane Jelly,Cyanea fulva,Atlantic Lion's Mane Jelly,Animalia,1064817
113242471,2022-04-22 13:39:11,2022-04-22,2022-04-22 17:39:11 UTC,Eastern Time (US & Canada),4318654,emilie_wilder,Emilie Wilder,2022-04-28 17:38:00 UTC,2022-04-29 14:58:03 UTC,needs_id,,https://www.inaturalist.org/observations/113242471,https://static.inaturalist.org/photos/191341320/medium.jpeg,,"",,1,0,false,2,"Black Rock, Bridgeport, CT, USA",41.1440666667,-73.2344861111,,,,,,,,false,gps,gps,Atlantic Lion's Mane Jelly,Cyanea fulva,Atlantic Lion's Mane Jelly,Animalia,1064817
113380142,2022-04-02 12:41:27-04:00,2022-04-02,2022-04-02 16:41:27 UTC,Eastern Time (US & Canada),5461470,ashleyb724,,2022-04-29 12:49:10 UTC,2022-04-29 14:53:32 UTC,research,CC-BY-NC,https://www.inaturalist.org/observations/113380142,https://inaturalist-open-data.s3.amazonaws.com/photos/191569209/medium.jpg,,"","",1,0,false,3,"Welwyn County Preserve, Glen Cove, NY, US",40.8895866667,-73.6419133333,10,,,,10,,,false,,,Atlantic Lion's Mane Jelly,Cyanea fulva,Atlantic Lion's Mane Jelly,Animalia,1064817
113410053,2022-04-29 10:22:45-04:00,2022-04-29,2022-04-29 14:22:45 UTC,Eastern Time (US & Canada),234921,npsranger,,2022-04-29 14:22:48 UTC,2022-12-11 23:44:09 UTC,research,CC-BY-NC,https://www.inaturalist.org/observations/113410053,https://inaturalist-open-data.s3.amazonaws.com/photos/191617285/medium.jpg,,"","",2,0,false,3,"Long Island, New York, NY, US",40.5967998763,-73.7915901725,35,,,,35,,,false,,,Atlantic Lion's Mane Jelly,Cyanea fulva,Atlantic Lion's Mane Jelly,Animalia,1064817
113514098,2022-04-29 15:11:42-04:00,2022-04-29,2022-04-29 19:11:42 UTC,Eastern Time (US & Canada),4965957,swipes,,2022-04-29 19:12:21 UTC,2022-04-30 15:18:50 UTC,research,CC-BY-NC,https://www.inaturalist.org/observations/113514098,https://inaturalist-open-data.s3.amazonaws.com/photos/192220917/medium.jpg,,"","",1,0,false,3,"Narragansett Bay, Warwick, RI, US",41.6875837651,-71.3668601867,5,,,,5,,,false,,,Atlantic Lion's Mane Jelly,Cyanea fulva,Atlantic Lion's Mane Jelly,Animalia,1064817
114052618,2022/04/30 7:02 AM,2022-04-30,2022-04-30 11:02:00 UTC,Eastern Time (US & Canada),5196488,evitols,Eric Vitols,2022-05-01 01:25:12 UTC,2022-05-01 16:18:41 UTC,needs_id,CC-BY-NC,https://www.inaturalist.org/observations/114052618,https://inaturalist-open-data.s3.amazonaws.com/photos/192634168/medium.jpeg,,"",,1,0,false,,"1 Milford Point Rd, Milford, CT 06460, USA",41.1759164,-73.1016004,207,,,,207,,,false,,,Atlantic Lion's Mane Jelly,Cyanea fulva,Atlantic Lion's Mane Jelly,Animalia,1064817
114053461,2022/04/30 6:58 AM,2022-04-30,2022-04-30 10:58:00 UTC,Eastern Time (US & Canada),5196488,evitols,Eric Vitols,2022-05-01 01:27:34 UTC,2022-05-01 16:18:16 UTC,needs_id,CC-BY-NC,https://www.inaturalist.org/observations/114053461,https://inaturalist-open-data.s3.amazonaws.com/photos/192635238/medium.jpeg,,"",,1,0,false,,"1 Milford Point Rd, Milford, CT 06460, USA",41.1759164,-73.1016004,207,,,,207,,,false,,,Atlantic Lion's Mane Jelly,Cyanea fulva,Atlantic Lion's Mane Jelly,Animalia,1064817
114074642,2022-04-30 16:34:41,2022-04-30,2022-04-30 20:34:41 UTC,Eastern Time (US & Canada),389353,cesarcastillo,César Andrés Castillo,2022-05-01 02:38:53 UTC,2022-05-02 01:43:56 UTC,research,,https://www.inaturalist.org/observations/114074642,https://static.inaturalist.org/photos/192671524/medium.jpeg,,"",,1,0,false,2,"Bayside, Queens, NY, USA",40.7683143611,-73.7591323611,,,,,,,,false,gps,gps,Atlantic Lion's Mane Jelly,Cyanea fulva,Atlantic Lion's Mane Jelly,Animalia,1064817
114308086,2022-04-30 14:55:37,2022-04-30,2022-04-30 18:55:37 UTC,Eastern Time (US & Canada),2483640,lpinney12,"",2022-05-01 17:42:11 UTC,2022-05-01 21:24:37 UTC,research,CC-BY-NC,https://www.inaturalist.org/observations/114308086,https://inaturalist-open-data.s3.amazonaws.com/photos/193038240/medium.jpeg,,"",,1,0,false,2,"Norwalk, CT, USA",41.074645631,-73.4051429853,207,,,,207,,,false,gps,gps,Atlantic Lion's Mane Jelly,Cyanea fulva,Atlantic Lion's Mane Jelly,Animalia,1064817
114308312,2022-04-30 14:55:39,2022-04-30,2022-04-30 18:55:39 UTC,Eastern Time (US & Canada),2483640,lpinney12,"",2022-05-01 17:42:40 UTC,2022-05-01 21:24:30 UTC,research,CC-BY-NC,https://www.inaturalist.org/observations/114308312,https://inaturalist-open-data.s3.amazonaws.com/photos/193038555/medium.jpeg,,"",,1,0,false,2,"Norwalk, CT, USA",41.074645631,-73.4051429853,207,,,,207,,,false,gps,gps,Atlantic Lion's Mane Jelly,Cyanea fulva,Atlantic Lion's Mane Jelly,Animalia,1064817
114310210,2022-04-30 15:34:24,2022-04-30,2022-04-30 19:34:24 UTC,Eastern Time (US & Canada),2483640,lpinney12,"",2022-05-01 17:46:57 UTC,2022-05-01 21:24:23 UTC,research,CC-BY-NC,https://www.inaturalist.org/observations/114310210,https://inaturalist-open-data.s3.amazonaws.com/photos/193041533/medium.jpeg,,"",,1,0,false,2,"Norwalk, CT, USA",41.074645631,-73.4051429853,207,,,,207,,,false,gps,gps,Atlantic Lion's Mane Jelly,Cyanea fulva,Atlantic Lion's Mane Jelly,Animalia,1064817
114400562,2022-05-01 17:11:14,2022-05-01,2022-05-01 21:11:14 UTC,Eastern Time (US & Canada),2833275,sschaeferpadgett,"",2022-05-01 21:13:03 UTC,2022-05-01 23:13:32 UTC,research,CC-BY-NC,https://www.inaturalist.org/observations/114400562,https://inaturalist-open-data.s3.amazonaws.com/photos/193184653/medium.jpeg,,"",,2,0,false,2,"Main Pavilion, Westport, CT 06880, USA",41.1113053,-73.33252696,4,,,,4,,,false,,,Atlantic Lion's Mane Jelly,Cyanea fulva,Atlantic Lion's Mane Jelly,Animalia,1064817
114400993,2022-05-01 17:12:53-04:00,2022-05-01,2022-05-01 21:12:53 UTC,Eastern Time (US & Canada),5593066,anastasia716,,2022-05-01 21:14:11 UTC,2022-05-06 13:46:38 UTC,research,CC-BY-NC,https://www.inaturalist.org/observations/114400993,https://inaturalist-open-data.s3.amazonaws.com/photos/193185241/medium.jpg,,"","",3,1,false,3,"Sherwood Island, Norwalk, CT, US",41.111185262,-73.3325446398,3,,,,3,,,false,,,Atlantic Lion's Mane Jelly,Cyanea fulva,Atlantic Lion's Mane Jelly,Animalia,1064817
114406664,2022-05-01 17:25:44-04:00,2022-05-01,2022-05-01 21:25:44 UTC,Eastern Time (US & Canada),4343029,snellam,,2022-05-01 21:27:23 UTC,2022-05-06 13:43:00 UTC,research,CC-BY-NC,https://www.inaturalist.org/observations/114406664,https://inaturalist-open-data.s3.amazonaws.com/photos/193194036/medium.jpg,,"","",3,1,false,3,"North Atlantic Ocean, Norwalk, CT, US",41.1112879891,-73.3330076109,9,,,,9,,,false,,,Atlantic Lion's Mane Jelly,Cyanea fulva,Atlantic Lion's Mane Jelly,Animalia,1064817
114407378,2022-05-01 17:27:46,2022-05-01,2022-05-01 21:27:46 UTC,Eastern Time (US & Canada),3573117,julychee,,2022-05-01 21:29:15 UTC,2022-05-06 18:34:19 UTC,research,CC-BY-NC,https://www.inaturalist.org/observations/114407378,https://inaturalist-open-data.s3.amazonaws.com/photos/193195162/medium.jpeg,,"",,2,0,false,2,"Main Pavilion, Westport, CT 06880, USA",41.11131155,-73.33303221,4,,,,4,,,false,,,Atlantic Lion's Mane Jelly,Cyanea fulva,Atlantic Lion's Mane Jelly,Animalia,1064817
114407459,2022-05-01 17:29:16,2022-05-01,2022-05-01 21:29:16 UTC,Eastern Time (US & Canada),2833275,sschaeferpadgett,"",2022-05-01 21:29:31 UTC,2022-05-06 18:34:09 UTC,needs_id,CC-BY-NC,https://www.inaturalist.org/observations/114407459,https://inaturalist-open-data.s3.amazonaws.com/photos/193195453/medium.jpeg,,"",,1,0,false,2,"Westport, CT 06880, USA",41.1220665,-73.3308934,1000,,,,1000,,,false,,,Atlantic Lion's Mane Jelly,Cyanea fulva,Atlantic Lion's Mane Jelly,Animalia,1064817
114407611,2022-05-01 17:29:09-04:00,2022-05-01,2022-05-01 21:29:09 UTC,Eastern Time (US & Canada),5612398,mcallegari,,2022-05-01 21:29:59 UTC,2022-05-01 22:16:20 UTC,research,CC-BY-NC,https://www.inaturalist.org/observations/114407611,https://inaturalist-open-data.s3.amazonaws.com/photos/193195723/medium.jpg,,"","",1,0,false,3,"North Atlantic Ocean, Norwalk, CT, US",41.1114415387,-73.3333580197,5,,,,5,,,false,,,Atlantic Lion's Mane Jelly,Cyanea fulva,Atlantic Lion's Mane Jelly,Animalia,1064817
114408424,2022-05-01 17:29:22-04:00,2022-05-01,2022-05-01 21:29:22 UTC,Eastern Time (US & Canada),5611779,whatisthatblob,,2022-05-01 21:32:06 UTC,2022-05-06 13:41:36 UTC,research,CC-BY-NC,https://www.inaturalist.org/observations/114408424,https://inaturalist-open-data.s3.amazonaws.com/photos/193199685/medium.jpg,,"","",3,1,false,3,"Sherwood Island, Norwalk, CT, US",41.1115839441,-73.3337953047,91,,,,91,,,false,,,Atlantic Lion's Mane Jelly,Cyanea fulva,Atlantic Lion's Mane Jelly,Animalia,1064817
114411258,2022-05-01 17:30:30-04:00,2022-05-01,2022-05-01 21:30:30 UTC,Eastern Time (US & Canada),5611779,whatisthatblob,,2022-05-01 21:38:04 UTC,2022-05-06 13:40:16 UTC,research,CC-BY-NC,https://www.inaturalist.org/observations/114411258,https://inaturalist-open-data.s3.amazonaws.com/photos/193201020/medium.jpg,,"","",3,1,false,3,"Sherwood Island, Norwalk, CT, US",41.1116432163,-73.334202861,30,,,,30,,,false,,,Atlantic Lion's Mane Jelly,Cyanea fulva,Atlantic Lion's Mane Jelly,Animalia,1064817
114411574,2022-05-01 17:30:03-04:00,2022-05-01,2022-05-01 21:30:03 UTC,Eastern Time (US & Canada),5611779,whatisthatblob,,2022-05-01 21:38:51 UTC,2022-05-06 13:40:03 UTC,research,CC-BY-NC,https://www.inaturalist.org/observations/114411574,https://inaturalist-open-data.s3.amazonaws.com/photos/193201594/medium.jpg,,"","",3,1,false,3,"Sherwood Island, Norwalk, CT, US",41.1115891935,-73.3343737381,168,,,,168,,,false,,,Atlantic Lion's Mane Jelly,Cyanea fulva,Atlantic Lion's Mane Jelly,Animalia,1064817
114412034,2022-05-01 17:39:40,2022-05-01,2022-05-01 21:39:40 UTC,Eastern Time (US & Canada),3573117,julychee,,2022-05-01 21:39:55 UTC,2022-05-06 18:34:02 UTC,research,CC-BY-NC,https://www.inaturalist.org/observations/114412034,https://inaturalist-open-data.s3.amazonaws.com/photos/193202405/medium.jpeg,,"",,2,0,false,2,"Westport, CT, USA",41.1115658,-73.33501041,8,,,,8,,,false,,,Atlantic Lion's Mane Jelly,Cyanea fulva,Atlantic Lion's Mane Jelly,Animalia,1064817
114462388,2022-05-01 17:25:35-04:00,2022-05-01,2022-05-01 21:25:35 UTC,Eastern Time (US & Canada),5611753,connorwilleford,,2022-05-01 23:41:35 UTC,2022-05-06 13:36:49 UTC,research,CC-BY-NC,https://www.inaturalist.org/observations/114462388,https://inaturalist-open-data.s3.amazonaws.com/photos/193283618/medium.jpg,,"","",3,1,false,3,"Sherwood Island, Norwalk, CT, US",41.1112778333,-73.33252,4,,,,4,,,false,,,Atlantic Lion's Mane Jelly,Cyanea fulva,Atlantic Lion's Mane Jelly,Animalia,1064817
114665951,2022-05-01 15:20:58-04:00,2022-05-01,2022-05-01 19:20:58 UTC,Eastern Time (US & Canada),2626414,nickifal,,2022-05-02 13:08:31 UTC,2022-05-06 13:35:16 UTC,research,CC-BY-NC,https://www.inaturalist.org/observations/114665951,https://inaturalist-open-data.s3.amazonaws.com/photos/193608528/medium.jpg,,"","",2,0,false,3,"Sheffield Island Harbor, Norwalk, CT, US",41.0688861667,-73.4084033333,4,,,,4,,,false,,,Atlantic Lion's Mane Jelly,Cyanea fulva,Atlantic Lion's Mane Jelly,Animalia,1064817
115584638,2022-05-01,2022-05-01,,Eastern Time (US & Canada),494532,ansel_oommen,Ansel Oommen,2022-05-05 16:32:47 UTC,2022-05-06 04:15:23 UTC,research,CC-BY-NC,https://www.inaturalist.org/observations/115584638,https://inaturalist-open-data.s3.amazonaws.com/photos/195074780/medium.jpg,,"","",1,0,false,,Orchard Beach,40.869435,-73.787272,143,,,,143,,,false,,,Atlantic Lion's Mane Jelly,Cyanea fulva,Atlantic Lion's Mane Jelly,Animalia,1064817
115623917,2022-05-05 16:32:28-04:00,2022-05-05,2022-05-05 20:32:28 UTC,Eastern Time (US & Canada),5327601,isabellaweinstein,,2022-05-05 20:34:55 UTC,2022-05-05 21:33:40 UTC,research,CC-BY-NC,https://www.inaturalist.org/observations/115623917,https://inaturalist-open-data.s3.amazonaws.com/photos/195140821/medium.jpg,,"","",1,0,false,3,"Long Island, Glen Cove, NY, US",40.8696674325,-73.646879502,4357,,,,4357,,,false,,,Atlantic Lion's Mane Jelly,Cyanea fulva,Atlantic Lion's Mane Jelly,Animalia,1064817
116160007,2022-05-08 16:16:10-04:00,2022-05-08,2022-05-08 20:16:10 UTC,Eastern Time (US & Canada),1175710,arthurbaraf,Arthur Baraf,2022-05-08 20:16:44 UTC,2022-05-08 23:22:47 UTC,research,,https://www.inaturalist.org/observations/116160007,https://static.inaturalist.org/photos/196070444/medium.jpg,,"","",1,0,false,3,"Boat House Row, Westport, MA, US",41.50783,-71.0931028333,4,,,,4,,,false,,,Atlantic Lion's Mane Jelly,Cyanea fulva,Atlantic Lion's Mane Jelly,Animalia,1064817
116470981,2022-05-10 16:15:19-04:00,2022-05-10,2022-05-10 20:15:19 UTC,Eastern Time (US & Canada),492920,chrislb104,,2022-05-10 20:47:50 UTC,2022-05-10 20:49:51 UTC,research,,https://www.inaturalist.org/observations/116470981,https://static.inaturalist.org/photos/196607532/medium.jpg,,"","",1,0,false,3,"Capron Farm Dr, Warwick, RI, US",41.6861083333,-71.4305883333,4,,,,4,,,false,,,Atlantic Lion's Mane Jelly,Cyanea fulva,Atlantic Lion's Mane Jelly,Animalia,1064817
116471018,2022-05-10 16:25:04-04:00,2022-05-10,2022-05-10 20:25:04 UTC,Eastern Time (US & Canada),492920,chrislb104,,2022-05-10 20:48:11 UTC,2022-05-10 20:49:33 UTC,research,,https://www.inaturalist.org/observations/116471018,https://static.inaturalist.org/photos/196607585/medium.jpg,,"","",1,0,false,3,"Capron Farm Dr, Warwick, RI, US",41.686,-71.4295583333,4,,,,4,,,false,,,Atlantic Lion's Mane Jelly,Cyanea fulva,Atlantic Lion's Mane Jelly,Animalia,1064817
116596820,2022-05-11 15:05:54-04:00,2022-05-11,2022-05-11 19:05:54 UTC,Eastern Time (US & Canada),4569091,cmcovey917,,2022-05-11 19:32:21 UTC,2022-05-11 21:21:39 UTC,research,CC-BY-NC,https://www.inaturalist.org/observations/116596820,https://inaturalist-open-data.s3.amazonaws.com/photos/196830429/medium.jpg,,"","",1,0,false,3,"Hammonasset Beach State Park, Madison, CT, US",41.2597283333,-72.558,5,,,,5,,,false,,,Atlantic Lion's Mane Jelly,Cyanea fulva,Atlantic Lion's Mane Jelly,Animalia,1064817
116633244,2022-05-10 13:31:25,2022-05-10,2022-05-10 17:31:25 UTC,Eastern Time (US & Canada),389353,cesarcastillo,César Andrés Castillo,2022-05-12 00:42:32 UTC,2022-05-12 16:19:01 UTC,research,,https://www.inaturalist.org/observations/116633244,https://static.inaturalist.org/photos/196895444/medium.jpeg,,"",,1,0,false,2,"Orchard Beach and Promenade, Bronx, NY 10464, USA",40.8690715997,-73.7854032997,,,,,,,,false,gps,gps,Atlantic Lion's Mane Jelly,Cyanea fulva,Atlantic Lion's Mane Jelly,Animalia,1064817
116774174,2022-05-12 17:41:22,2022-05-12,2022-05-12 21:41:22 UTC,Eastern Time (US & Canada),4047585,jebecky,"",2022-05-13 01:06:21 UTC,2023-01-20 04:52:49 UTC,research,CC-BY-NC,https://www.inaturalist.org/observations/116774174,https://static.inaturalist.org/photos/197146669/medium.jpeg,,"",,1,0,false,2,"New York, US",40.8633850908,-73.7690832444,,,,,27877,obscured,,true,gps,gps,Atlantic Lion's Mane Jelly,Cyanea fulva,Atlantic Lion's Mane Jelly,Animalia,1064817
116778744,Wed May 11 2022 14:14:07 GMT-0400 (EDT),2022-05-11,2022-05-11 18:14:07 UTC,Eastern Time (US & Canada),456901,applejaxs,"",2022-05-13 01:50:27 UTC,2022-05-13 14:31:03 UTC,needs_id,,https://www.inaturalist.org/observations/116778744,https://static.inaturalist.org/photos/197155044/medium.jpg,,"","",1,0,false,3,"Harlem River, New York, NY, US",40.78912,-73.9327783333,24,,,,24,,,false,,,Atlantic Lion's Mane Jelly,Cyanea fulva,Atlantic Lion's Mane Jelly,Animalia,1064817
116778846,Wed May 11 2022 14:35:46 GMT-0400 (EDT),2022-05-11,2022-05-11 18:35:46 UTC,Eastern Time (US & Canada),456901,applejaxs,"",2022-05-13 01:51:53 UTC,2022-05-13 14:30:51 UTC,needs_id,,https://www.inaturalist.org/observations/116778846,https://static.inaturalist.org/photos/197155318/medium.jpg,,"","",1,0,false,3,"Harlem River, New York, NY, US",40.78917,-73.9327383333,8,,,,8,,,false,,,Atlantic Lion's Mane Jelly,Cyanea fulva,Atlantic Lion's Mane Jelly,Animalia,1064817
116779125,Wed May 11 2022 14:37:25 GMT-0400 (EDT),2022-05-11,2022-05-11 18:37:25 UTC,Eastern Time (US & Canada),456901,applejaxs,"",2022-05-13 01:55:15 UTC,2022-05-13 14:30:38 UTC,needs_id,,https://www.inaturalist.org/observations/116779125,https://static.inaturalist.org/photos/197155887/medium.jpg,,"","",1,0,false,3,"Harlem River, New York, NY, US",40.7892,-73.9327166667,8,,,,8,,,false,,,Atlantic Lion's Mane Jelly,Cyanea fulva,Atlantic Lion's Mane Jelly,Animalia,1064817
116779144,Wed May 11 2022 14:39:36 GMT-0400 (EDT),2022-05-11,2022-05-11 18:39:36 UTC,Eastern Time (US & Canada),456901,applejaxs,"",2022-05-13 01:55:24 UTC,2022-05-14 01:02:34 UTC,needs_id,,https://www.inaturalist.org/observations/116779144,https://static.inaturalist.org/photos/197155914/medium.jpg,,"",What are the yellow spots?,1,0,false,3,"Harlem River, New York, NY, US",40.7892116667,-73.9327083333,24,,,,24,,,false,,,Atlantic Lion's Mane Jelly,Cyanea fulva,Atlantic Lion's Mane Jelly,Animalia,1064817
116863025,2022-05-13 14:07:49-04:00,2022-05-13,2022-05-13 18:07:49 UTC,Eastern Time (US & Canada),4408308,mac1111,Michaela Conley,2022-05-13 18:20:29 UTC,2022-11-08 19:22:27 UTC,research,,https://www.inaturalist.org/observations/116863025,https://static.inaturalist.org/photos/197302202/medium.jpg,,"","",2,0,false,3,"Bristol Harbor, Bristol, RI, US",41.6756783333,-71.2884916667,50,,,,50,,,false,,,Atlantic Lion's Mane Jelly,Cyanea fulva,Atlantic Lion's Mane Jelly,Animalia,1064817
116882487,2022-05-13 11:44:03-04:00,2022-05-13,2022-05-13 15:44:03 UTC,Eastern Time (US & Canada),457526,antreea,Andrea Lee,2022-05-13 21:00:08 UTC,2022-05-14 15:09:05 UTC,research,,https://www.inaturalist.org/observations/116882487,https://static.inaturalist.org/photos/197335726/medium.jpg,,"","",1,0,false,3,"Long Island, Port Jefferson, NY, US",40.8920783333,-73.2035,4,,,,4,,,false,,,Atlantic Lion's Mane Jelly,Cyanea fulva,Atlantic Lion's Mane Jelly,Animalia,1064817
117161557,2022-05-15 12:41:01-04:00,2022-05-15,2022-05-15 16:41:01 UTC,Eastern Time (US & Canada),3728641,ryanad,,2022-05-15 16:41:23 UTC,2022-05-15 16:41:32 UTC,needs_id,CC-BY-NC,https://www.inaturalist.org/observations/117161557,https://inaturalist-open-data.s3.amazonaws.com/photos/197835334/medium.jpg,,"","",0,0,false,3,"Playland, Rye, NY, US",40.9641891982,-73.6733118497,4,,,,4,,,false,,,"",Cyanea fulva,Atlantic Lion's Mane Jelly,Animalia,1064817
117223698,2022-05-15 18:39:47-04:00,2022-05-15,2022-05-15 22:39:47 UTC,Eastern Time (US & Canada),1055096,jon131,Jon Page,2022-05-15 22:39:51 UTC,2022-12-13 23:43:47 UTC,needs_id,,https://www.inaturalist.org/observations/117223698,https://static.inaturalist.org/photos/247684762/medium.jpg,,"","",0,0,false,3,"Waterford Beach Park, Waterford, CT, US",41.3096455064,-72.1056687262,2458,,,,2458,,,false,,,"",Cyanea fulva,Atlantic Lion's Mane Jelly,Animalia,1064817
117225206,2022-05-15 17:25:39,2022-05-15,2022-05-15 21:25:39 UTC,Eastern Time (US & Canada),588386,samdenenberg,Sam Denenberg,2022-05-15 22:51:27 UTC,2022-05-16 02:05:59 UTC,research,CC-BY-NC,https://www.inaturalist.org/observations/117225206,https://inaturalist-open-data.s3.amazonaws.com/photos/197948419/medium.jpeg,,"",,1,0,false,2,"Kings Park, NY 11754, USA",40.896787,-73.2148219722,,,,,,,,false,gps,gps,Atlantic Lion's Mane Jelly,Cyanea fulva,Atlantic Lion's Mane Jelly,Animalia,1064817
117235667,2022-05-15 19:10:19,2022-05-15,2022-05-15 23:10:19 UTC,Eastern Time (US & Canada),588386,samdenenberg,Sam Denenberg,2022-05-16 00:06:46 UTC,2022-05-16 02:05:16 UTC,research,CC-BY-NC,https://www.inaturalist.org/observations/117235667,https://inaturalist-open-data.s3.amazonaws.com/photos/197967737/medium.jpeg,,"",,1,0,false,2,"Suffolk County, US-NY, US",40.8991019722,-73.231306,,,,,,,,false,gps,gps,Atlantic Lion's Mane Jelly,Cyanea fulva,Atlantic Lion's Mane Jelly,Animalia,1064817
117244787,2022/05/15 3:07 PM,2022-05-15,2022-05-15 19:07:00 UTC,Eastern Time (US & Canada),1151163,t_tallhouse,Taro Ietaka,2022-05-16 01:19:15 UTC,2022-05-26 00:18:04 UTC,research,CC-BY-NC,https://www.inaturalist.org/observations/117244787,https://inaturalist-open-data.s3.amazonaws.com/photos/197983032/medium.jpg,,"",,1,0,false,,"Rye, NY, USA",40.9697549248,-73.6570693379,936,,,,936,,,false,,,Atlantic Lion's Mane Jelly,Cyanea fulva,Atlantic Lion's Mane Jelly,Animalia,1064817
117338265,2022-05-12 17:39:13-04:00,2022-05-12,2022-05-12 21:39:13 UTC,Eastern Time (US & Canada),5684774,allison8687,,2022-05-16 17:51:15 UTC,2022-11-09 22:28:01 UTC,needs_id,CC-BY-NC,https://www.inaturalist.org/observations/117338265,https://inaturalist-open-data.s3.amazonaws.com/photos/242559788/medium.jpg,,"","",0,0,false,3,"Long Island Sound, Mill Neck, NY, US",40.8269583333,-73.7052616667,9,,,,9,,,false,,,"",Cyanea fulva,Atlantic Lion's Mane Jelly,Animalia,1064817
117722119,2022-05-18 19:16:09,2022-05-18,2022-05-18 23:16:09 UTC,Eastern Time (US & Canada),1433340,ceeec,Christine Stone,2022-05-19 13:18:59 UTC,2022-05-19 14:42:22 UTC,research,CC0,https://www.inaturalist.org/observations/117722119,https://inaturalist-open-data.s3.amazonaws.com/photos/198844027/medium.jpeg,,"",,1,0,false,2,"New Haven County, CT, USA",41.2101972222,-73.0486694444,,,,,,,,false,gps,gps,Atlantic Lion's Mane Jelly,Cyanea fulva,Atlantic Lion's Mane Jelly,Animalia,1064817
117782845,2022-04-23 12:22:19,2022-04-23,2022-04-23 16:22:19 UTC,Eastern Time (US & Canada),1939097,wehdile,wehdile,2022-05-19 21:40:00 UTC,2022-05-27 15:44:01 UTC,research,CC-BY-NC,https://www.inaturalist.org/observations/117782845,https://inaturalist-open-data.s3.amazonaws.com/photos/200840198/medium.jpeg,,"",,1,0,false,2,Bristol,41.6687820078,-71.2779618055,26,,,,26,,,false,gps,gps,Atlantic Lion's Mane Jelly,Cyanea fulva,Atlantic Lion's Mane Jelly,Animalia,1064817
118012216,2022-05-21 10:42:19-04:00,2022-05-21,2022-05-21 14:42:19 UTC,Eastern Time (US & Canada),2401277,creativecatherine,,2022-05-21 14:43:52 UTC,2022-05-22 14:38:24 UTC,research,CC-BY-NC,https://www.inaturalist.org/observations/118012216,https://inaturalist-open-data.s3.amazonaws.com/photos/199347907/medium.jpg,,"","",1,0,false,3,"Smithtown Bay, Port Jefferson, NY, US",40.9111804024,-73.2476311102,9,,,,9,,,false,,,Atlantic Lion's Mane Jelly,Cyanea fulva,Atlantic Lion's Mane Jelly,Animalia,1064817
118203116,2022-05-22 11:44:17-04:00,2022-05-22,2022-05-22 15:44:17 UTC,Eastern Time (US & Canada),4934453,mattrock3415,,2022-05-22 15:47:26 UTC,2022-05-23 03:16:36 UTC,research,CC-BY-NC,https://www.inaturalist.org/observations/118203116,https://inaturalist-open-data.s3.amazonaws.com/photos/199683853/medium.jpg,,"","",1,0,false,3,"Narragansett Bay, Bristol, RI, US",41.6824680318,-71.3011551742,340,,,,340,,,false,,,Atlantic Lion's Mane Jelly,Cyanea fulva,Atlantic Lion's Mane Jelly,Animalia,1064817
118236399,2022-05-22 12:56:27-04:00,2022-05-22,2022-05-22 16:56:27 UTC,Eastern Time (US & Canada),4934453,mattrock3415,,2022-05-22 18:33:57 UTC,2022-05-23 03:16:19 UTC,research,CC-BY-NC,https://www.inaturalist.org/observations/118236399,https://inaturalist-open-data.s3.amazonaws.com/photos/199740280/medium.jpg,,"","",1,0,false,3,"Narragansett Bay, Bristol, RI, US",41.682672012,-71.3012404594,9,,,,9,,,false,,,Atlantic Lion's Mane Jelly,Cyanea fulva,Atlantic Lion's Mane Jelly,Animalia,1064817
118238296,2022-05-22 14:24:29-04:00,2022-05-22,2022-05-22 18:24:29 UTC,Eastern Time (US & Canada),5081893,nour21,Nour Hussari,2022-05-22 18:43:28 UTC,2022-05-24 20:21:49 UTC,research,,https://www.inaturalist.org/observations/118238296,https://static.inaturalist.org/photos/199868161/medium.jpg,,"","",1,0,false,3,"North Atlantic Ocean, Milford, CT, US",41.1954616667,-73.0762471667,4,,,,4,,,false,,,Atlantic Lion's Mane Jelly,Cyanea fulva,Atlantic Lion's Mane Jelly,Animalia,1064817
118647737,2022-05-25 10:07:25,2022-05-25,2022-05-25 14:07:25 UTC,Eastern Time (US & Canada),1423910,ilana8,Ilana Weinstein,2022-05-25 14:14:38 UTC,2022-05-25 15:44:59 UTC,research,,https://www.inaturalist.org/observations/118647737,https://static.inaturalist.org/photos/200488629/medium.jpeg,,"","I have been seeing these, this size and smaller. Not sure on the ID. Most are roughly palm sizeds",1,0,false,2,"Bronx County, US-NY, US",40.8699861314,-73.7848693505,6,,,,6,,,false,gps,gps,Atlantic Lion's Mane Jelly,Cyanea fulva,Atlantic Lion's Mane Jelly,Animalia,1064817
118671555,2022-05-25 09:38:19-04:00,2022-05-25,2022-05-25 13:38:19 UTC,Eastern Time (US & Canada),5017086,banhi1,Banhi Biswas,2022-05-25 17:38:12 UTC,2022-05-25 21:53:28 UTC,research,,https://www.inaturalist.org/observations/118671555,https://static.inaturalist.org/photos/200530569/medium.jpg,,"","",1,0,false,3,"Long Island, Cove Neck, NY, US",40.885655,-73.4896466667,4,,,,4,,,false,,,Atlantic Lion's Mane Jelly,Cyanea fulva,Atlantic Lion's Mane Jelly,Animalia,1064817
119048200,2022-05-28 08:20:44-04:00,2022-05-28,2022-05-28 12:20:44 UTC,Eastern Time (US & Canada),4530879,justjake_03,,2022-05-28 12:22:06 UTC,2022-05-29 15:43:49 UTC,research,CC-BY-NC,https://www.inaturalist.org/observations/119048200,https://inaturalist-open-data.s3.amazonaws.com/photos/201208483/medium.jpg,,"","",1,0,false,3,"Goodsell Point Rd, Branford, CT, US",41.2636321353,-72.8152074544,809,,,,809,,,false,,,Atlantic Lion's Mane Jelly,Cyanea fulva,Atlantic Lion's Mane Jelly,Animalia,1064817
119882786,2022-05-13 12:10:02,2022-05-13,2022-05-13 16:10:02 UTC,Eastern Time (US & Canada),5719598,lillit1,Lillit Genovesi,2022-06-02 15:43:57 UTC,2022-06-03 01:35:18 UTC,needs_id,,https://www.inaturalist.org/observations/119882786,https://static.inaturalist.org/photos/202706168/medium.jpeg,,"",,1,0,false,2,"Orchard Beach and Promenade, Bronx, NY 10464, USA",40.86994478,-73.78462774,8,,,,8,,,false,,,Atlantic Lion's Mane Jelly,Cyanea fulva,Atlantic Lion's Mane Jelly,Animalia,1064817
120367012,2022-06-05 09:49:30,2022-06-05,2022-06-05 13:49:30 UTC,Eastern Time (US & Canada),4985595,caoraesque,Julie Stella,2022-06-05 17:27:35 UTC,2022-06-06 14:24:48 UTC,needs_id,CC-BY-NC,https://www.inaturalist.org/observations/120367012,https://inaturalist-open-data.s3.amazonaws.com/photos/203572430/medium.jpeg,,"",,1,0,false,2,"6FX4+JC Meigs Point, Madison, CT 06443, USA",41.2489741126,-72.5469926745,78,,,,78,,,false,gps,gps,Atlantic Lion's Mane Jelly,Cyanea fulva,Atlantic Lion's Mane Jelly,Animalia,1064817
120730825,2022-06-07 12:04:48,2022-06-07,2022-06-07 16:04:48 UTC,Eastern Time (US & Canada),2205316,aciccarello,Anthony,2022-06-07 21:53:41 UTC,2022-06-08 02:03:51 UTC,research,CC-BY,https://www.inaturalist.org/observations/120730825,https://inaturalist-open-data.s3.amazonaws.com/photos/204227882/medium.jpeg,,"",,1,0,false,2,"Madison, CT 06443, USA",41.2504194444,-72.5471694444,,,,,,,,false,gps,gps,Atlantic Lion's Mane Jelly,Cyanea fulva,Atlantic Lion's Mane Jelly,Animalia,1064817
126585884,2022-07-16 19:18:43,2022-07-16,2022-07-16 23:18:43 UTC,Eastern Time (US & Canada),2668017,zpera002,Zanders Peraza,2022-07-17 03:02:32 UTC,2023-05-06 19:25:51 UTC,needs_id,CC-BY-NC,https://www.inaturalist.org/observations/126585884,https://inaturalist-open-data.s3.amazonaws.com/photos/214798434/medium.jpeg,,"",,0,0,false,2,"East Shore, New Haven, CT 06512, USA",41.268607,-72.903857,,,,,,,,false,gps,gps,Lion's Mane Jellies,Cyanea fulva,Atlantic Lion's Mane Jelly,Animalia,1064817
127500713,2022/07/23 5:59 AM,2022-07-23,2022-07-23 09:59:00 UTC,Eastern Time (US & Canada),5196488,evitols,Eric Vitols,2022-07-23 13:35:40 UTC,2022-07-23 13:35:40 UTC,needs_id,CC-BY-NC,https://www.inaturalist.org/observations/127500713,https://inaturalist-open-data.s3.amazonaws.com/photos/216464975/medium.jpg,,"",,0,0,false,,"1 Milford Point Rd, Milford, CT 06460, USA",41.1759164,-73.1016004,207,,,,207,,,false,,,Atlantic Lion's Mane Jelly,Cyanea fulva,Atlantic Lion's Mane Jelly,Animalia,1064817
151315290,2023-03-16 13:54:49-04:00,2023-03-16,2023-03-16 17:54:49 UTC,Eastern Time (US & Canada),5676154,ellamaelily,,2023-03-16 17:56:09 UTC,2023-03-18 21:30:33 UTC,needs_id,CC-BY-NC,https://www.inaturalist.org/observations/151315290,https://inaturalist-open-data.s3.amazonaws.com/photos/261469133/medium.jpg,,"","",0,0,false,3,"Rocky Point State Park, Warwick, RI, US",41.687125,-71.3686916667,69,,,,69,,,false,,,"",Cyanea fulva,Atlantic Lion's Mane Jelly,Animalia,1064817
151831285,2023-03-21 10:50:03-04:00,2023-03-21,2023-03-21 14:50:03 UTC,Eastern Time (US & Canada),4410912,gina425,,2023-03-21 14:50:23 UTC,2023-03-21 16:44:51 UTC,research,CC-BY-NC,https://www.inaturalist.org/observations/151831285,https://inaturalist-open-data.s3.amazonaws.com/photos/262035212/medium.jpg,,"","",1,0,false,3,"Pelham Bay, New York, NY, US",40.8657475887,-73.79245447,3,,,,3,,,false,,,Atlantic Lion's Mane Jelly,Cyanea fulva,Atlantic Lion's Mane Jelly,Animalia,1064817
151831422,2023-03-21 10:51:20-04:00,2023-03-21,2023-03-21 14:51:20 UTC,Eastern Time (US & Canada),4410912,gina425,,2023-03-21 14:51:36 UTC,2023-03-22 11:52:28 UTC,research,CC-BY-NC,https://www.inaturalist.org/observations/151831422,https://inaturalist-open-data.s3.amazonaws.com/photos/262196703/medium.jpg,,"","",1,0,false,3,"Pelham Bay Park, New York, NY, US",40.8659642609,-73.7923368719,7,,,,7,,,false,,,Atlantic Lion's Mane Jelly,Cyanea fulva,Atlantic Lion's Mane Jelly,Animalia,1064817
151863784,2023-03-21 15:59:20-04:00,2023-03-21,2023-03-21 19:59:20 UTC,Eastern Time (US & Canada),6319063,sofievangel,,2023-03-21 20:45:37 UTC,2023-03-22 00:05:54 UTC,research,CC-BY-NC,https://www.inaturalist.org/observations/151863784,https://inaturalist-open-data.s3.amazonaws.com/photos/262094942/medium.jpg,,"","",2,0,false,3,"Quicksand Pond, Little Compton, RI, US",41.49955,-71.1262888333,4,,,,4,,,false,,,Atlantic Lion's Mane Jelly,Cyanea fulva,Atlantic Lion's Mane Jelly,Animalia,1064817
152020808,2023/03/18 2:44 PM,2023-03-18,2023-03-18 18:44:00 UTC,Eastern Time (US & Canada),423589,sethstrumwasser,"",2023-03-23 12:41:42 UTC,2023-03-23 13:22:54 UTC,research,CC-BY,https://www.inaturalist.org/observations/152020808,https://static.inaturalist.org/photos/262387109/medium.jpeg,,"",,2,0,false,,"Warwick, RI, USA",41.6623149559,-71.4407499257,15,,,,15,,,false,,,Atlantic Lion's Mane Jelly,Cyanea fulva,Atlantic Lion's Mane Jelly,Animalia,1064817
152751533,2023-03-28 12:49:34,2023-03-28,2023-03-28 16:49:34 UTC,Eastern Time (US & Canada),498639,nick_dubin,Nick,2023-03-29 18:25:45 UTC,2023-03-29 18:25:50 UTC,needs_id,CC-BY-NC,https://www.inaturalist.org/observations/152751533,https://inaturalist-open-data.s3.amazonaws.com/photos/263730868/medium.jpeg,,"",,0,0,false,2,Orchard Beach,40.8672930323,-73.7922926992,701,,,,701,,,false,gps,gps,Atlantic Lion's Mane Jelly,Cyanea fulva,Atlantic Lion's Mane Jelly,Animalia,1064817
152775026,2023/03/29 9:16 AM,2023-03-29,2023-03-29 13:16:00 UTC,Eastern Time (US & Canada),769335,kcbailey,K C Bailey,2023-03-29 22:31:42 UTC,2023-03-30 02:04:22 UTC,research,,https://www.inaturalist.org/observations/152775026,https://static.inaturalist.org/photos/263773428/medium.jpg,,"",,1,0,false,,"Shelter Island Heights, NY, USA",41.0569695061,-72.3723721504,8,,,,8,,,false,,,Atlantic Lion's Mane Jelly,Cyanea fulva,Atlantic Lion's Mane Jelly,Animalia,1064817
152879943,2023-03-30 16:19:06,2023-03-30,2023-03-30 20:19:06 UTC,Eastern Time (US & Canada),1395736,gpcroucher,G P Croucher,2023-03-30 23:18:28 UTC,2023-03-31 02:57:37 UTC,needs_id,CC0,https://www.inaturalist.org/observations/152879943,https://inaturalist-open-data.s3.amazonaws.com/photos/263968508/medium.jpeg,,"",,1,0,false,2,"Bronx, NY 10464, USA",40.8630117884,-73.8122466579,9,,,,9,,,false,gps,gps,Lion's Mane Jellies,Cyanea fulva,Atlantic Lion's Mane Jelly,Animalia,1064817
152960458,2023-03-31 15:16:14-04:00,2023-03-31,2023-03-31 19:16:14 UTC,Eastern Time (US & Canada),734540,jordan_ny,Jordan Hirschhorn,2023-03-31 19:20:43 UTC,2023-04-01 02:40:59 UTC,research,,https://www.inaturalist.org/observations/152960458,https://static.inaturalist.org/photos/264120120/medium.jpg,,"",Tentative guess,1,0,false,3,"Manhasset Bay, Kings Point, NY, US",40.8175211242,-73.7579607421,5,,,,5,,,false,,,Atlantic Lion's Mane Jelly,Cyanea fulva,Atlantic Lion's Mane Jelly,Animalia,1064817
153131639,2023-04-01 17:22:11-04:00,2023-04-01,2023-04-01 21:22:11 UTC,Eastern Time (US & Canada),752289,oldbizmark,,2023-04-02 03:05:57 UTC,2023-04-02 03:17:17 UTC,research,CC-BY-NC,https://www.inaturalist.org/observations/153131639,https://inaturalist-open-data.s3.amazonaws.com/photos/264443268/medium.jpg,,"","",1,0,false,3,"Long Island Sound, Kings Point, NY, US",40.8179152945,-73.7581652978,48,,,,48,,,false,,,Atlantic Lion's Mane Jelly,Cyanea fulva,Atlantic Lion's Mane Jelly,Animalia,1064817
154123352,2023-04-09 10:09:34,2023-04-09,2023-04-09 14:09:34 UTC,Eastern Time (US & Canada),3204003,katz6289,,2023-04-09 16:47:25 UTC,2023-04-09 17:53:39 UTC,research,CC-BY-NC,https://www.inaturalist.org/observations/154123352,https://inaturalist-open-data.s3.amazonaws.com/photos/266274599/medium.jpeg,,"",,1,0,false,2,"Wickford, RI, USA",41.5725119952,-71.4459311217,16,,,,16,,,false,gps,gps,Atlantic Lion's Mane Jelly,Cyanea fulva,Atlantic Lion's Mane Jelly,Animalia,1064817
154315644,2023-04-10 14:38:48-04:00,2023-04-10,2023-04-10 18:38:48 UTC,Eastern Time (US & Canada),492920,chrislb104,,2023-04-10 19:18:43 UTC,2023-04-10 19:35:19 UTC,research,,https://www.inaturalist.org/observations/154315644,https://static.inaturalist.org/photos/266626208/medium.jpg,,"","",1,0,false,3,"Greenwich Bay, Warwick, RI, US",41.6863216667,-71.4327616667,4,,,,4,,,false,,,Atlantic Lion's Mane Jelly,Cyanea fulva,Atlantic Lion's Mane Jelly,Animalia,1064817
154736873,2023-04-13 15:01:30-04:00,2023-04-13,2023-04-13 19:01:30 UTC,Eastern Time (US & Canada),492920,chrislb104,,2023-04-13 19:35:33 UTC,2023-05-20 16:59:24 UTC,research,,https://www.inaturalist.org/observations/154736873,https://static.inaturalist.org/photos/267397115/medium.jpg,,"","",1,0,false,3,"Warwick, RI, US",41.686205,-71.4314583333,4,,,,4,,,false,,,Atlantic Lion's Mane Jelly,Cyanea fulva,Atlantic Lion's Mane Jelly,Animalia,1064817
154746709,2023-04-13 16:49:01-04:00,2023-04-13,2023-04-13 20:49:01 UTC,Eastern Time (US & Canada),549485,beyondfieldmarks,DBerard,2023-04-13 20:49:22 UTC,2023-04-13 20:49:29 UTC,needs_id,CC-BY-NC,https://www.inaturalist.org/observations/154746709,https://inaturalist-open-data.s3.amazonaws.com/photos/267413778/medium.jpg,,"","",0,0,false,3,"Rocky Point State Park, Warwick, RI, US",41.6890453633,-71.3652725032,4,,,,4,,,false,,,"",Cyanea fulva,Atlantic Lion's Mane Jelly,Animalia,1064817
154808068,2023-04-13 16:59:37-04:00,2023-04-13,2023-04-13 20:59:37 UTC,Eastern Time (US & Canada),743231,scienceinyourlife,,2023-04-14 12:54:06 UTC,2023-04-26 02:33:30 UTC,needs_id,,https://www.inaturalist.org/observations/154808068,https://static.inaturalist.org/photos/270951586/medium.jpg,,"","",0,0,false,3,"Greenwich Bay, Warwick, RI, US",41.6676366667,-71.431075,27,,,,27,,,false,,,"",Cyanea fulva,Atlantic Lion's Mane Jelly,Animalia,1064817
155065317,2023-04-15 10:18:52,2023-04-15,2023-04-15 14:18:52 UTC,Eastern Time (US & Canada),577059,oridgen10,Owen Ridgen,2023-04-15 23:28:09 UTC,2023-04-16 13:26:24 UTC,research,,https://www.inaturalist.org/observations/155065317,https://static.inaturalist.org/photos/267991918/medium.jpeg,,"",,1,0,false,2,"6FX4+JC Meigs Point, Madison, CT 06443, USA",41.2492672997,-72.5463299,,,,,,,,false,gps,gps,Atlantic Lion's Mane Jelly,Cyanea fulva,Atlantic Lion's Mane Jelly,Animalia,1064817
155193913,2023-04-16 13:20:34-04:00,2023-04-16,2023-04-16 17:20:34 UTC,Eastern Time (US & Canada),3177186,ltaber,,2023-04-16 18:32:44 UTC,2023-04-17 14:07:09 UTC,research,CC-BY-NC,https://www.inaturalist.org/observations/155193913,https://inaturalist-open-data.s3.amazonaws.com/photos/268231684/medium.jpg,,"","",1,0,false,3,"Rhode Island Sound, Westport, MA, US",41.51123,-71.0903333333,4,,,,4,,,false,,,Atlantic Lion's Mane Jelly,Cyanea fulva,Atlantic Lion's Mane Jelly,Animalia,1064817
155225711,2023/04/16 12:05 PM,2023-04-16,2023-04-16 16:05:00 UTC,Eastern Time (US & Canada),690411,charlesavenengo,"",2023-04-16 21:19:42 UTC,2023-04-17 14:06:05 UTC,research,CC-BY-NC,https://www.inaturalist.org/observations/155225711,https://inaturalist-open-data.s3.amazonaws.com/photos/268288985/medium.jpeg,,"","",1,0,false,,"Newport, RI, USA",41.4892819503,-71.3227935817,15,,,,15,,,false,,,Atlantic Lion's Mane Jelly,Cyanea fulva,Atlantic Lion's Mane Jelly,Animalia,1064817
155813662,2023-04-20 14:54:17-04:00,2023-04-20,2023-04-20 18:54:17 UTC,Eastern Time (US & Canada),253271,andreapetrullo,Andrea Petrullo,2023-04-20 22:19:46 UTC,2023-04-21 01:38:58 UTC,research,,https://www.inaturalist.org/observations/155813662,https://static.inaturalist.org/photos/269373003/medium.jpg,,"","",1,0,false,3,"Narragansett Bay, North Kingstown, RI, US",41.6215083333,-71.411505,6,,,,6,,,false,,,Atlantic Lion's Mane Jelly,Cyanea fulva,Atlantic Lion's Mane Jelly,Animalia,1064817
155907395,2023-04-20 16:52:39-04:00,2023-04-20,2023-04-20 20:52:39 UTC,Eastern Time (US & Canada),2800852,corinne133,Corinne Baker,2023-04-21 16:01:35 UTC,2023-04-25 12:01:11 UTC,research,,https://www.inaturalist.org/observations/155907395,https://static.inaturalist.org/photos/269967913/medium.jpg,,"","",1,0,false,3,"Silver Sands State Park, Milford, CT, US",41.2010339403,-73.0667555485,4579,,,,4579,,,false,,,Atlantic Lion's Mane Jelly,Cyanea fulva,Atlantic Lion's Mane Jelly,Animalia,1064817
156063977,2023-04-22 11:46:41-04:00,2023-04-22,2023-04-22 15:46:41 UTC,Eastern Time (US & Canada),6119005,isaac669,Isaac Berlau,2023-04-22 15:47:32 UTC,2023-05-16 03:32:32 UTC,research,,https://www.inaturalist.org/observations/156063977,https://static.inaturalist.org/photos/279751941/medium.jpg,,"","",2,1,false,3,"Warren River, Bristol, RI, US",41.682466697,-71.2982357015,5,,,,5,,,false,,,Atlantic Lion's Mane Jelly,Cyanea fulva,Atlantic Lion's Mane Jelly,Animalia,1064817
156138508,2023-04-22 15:32:20-04:00,2023-04-22,2023-04-22 19:32:20 UTC,Eastern Time (US & Canada),2304199,thomasirvine,Thomas Irvine,2023-04-22 22:43:37 UTC,2023-04-22 22:43:45 UTC,needs_id,CC-BY,https://www.inaturalist.org/observations/156138508,https://inaturalist-open-data.s3.amazonaws.com/photos/269954513/medium.jpg,,"","",0,0,false,3,"Westport, MA, US",41.5089607355,-71.0770504202,63,,,,63,,,false,,,"",Cyanea fulva,Atlantic Lion's Mane Jelly,Animalia,1064817
156163188,2023-04-22 15:13:56-04:00,2023-04-22,2023-04-22 19:13:56 UTC,Eastern Time (US & Canada),5964081,rinaturalist,Branson Khounvichith,2023-04-23 01:46:46 UTC,2023-04-24 00:09:20 UTC,research,CC-BY-NC-SA,https://www.inaturalist.org/observations/156163188,https://inaturalist-open-data.s3.amazonaws.com/photos/270001170/medium.jpg,,"",Slightly less than a foot in length.,1,0,false,3,United States,41.587264274,-71.2587084715,119,,,,27785,obscured,,true,,,Atlantic Lion's Mane Jelly,Cyanea fulva,Atlantic Lion's Mane Jelly,Animalia,1064817
156163362,2023-04-22 15:14:14-04:00,2023-04-22,2023-04-22 19:14:14 UTC,Eastern Time (US & Canada),5964081,rinaturalist,Branson Khounvichith,2023-04-23 01:47:44 UTC,2023-04-23 01:48:55 UTC,needs_id,CC-BY-NC-SA,https://www.inaturalist.org/observations/156163362,https://inaturalist-open-data.s3.amazonaws.com/photos/270001449/medium.jpg,,"","Large, around 1.5 feet long.",0,0,false,3,United States,41.5957188453,-71.2256504446,100,,,,27785,obscured,,true,,,"",Cyanea fulva,Atlantic Lion's Mane Jelly,Animalia,1064817
156163458,2023-04-22 15:14:25-04:00,2023-04-22,2023-04-22 19:14:25 UTC,Eastern Time (US & Canada),5964081,rinaturalist,Branson Khounvichith,2023-04-23 01:48:36 UTC,2023-04-24 10:49:09 UTC,research,CC-BY-NC-SA,https://www.inaturalist.org/observations/156163458,https://inaturalist-open-data.s3.amazonaws.com/photos/270001678/medium.jpg,,"",Less than half a foot long.,1,0,false,3,United States,41.4767230741,-71.3701357953,89,,,,27785,obscured,,true,,,Atlantic Lion's Mane Jelly,Cyanea fulva,Atlantic Lion's Mane Jelly,Animalia,1064817
156556870,2023-04-25 06:23:29,2023-04-25,2023-04-25 10:23:29 UTC,Eastern Time (US & Canada),4325612,jon_mitchell,Jon Mitchell,2023-04-25 10:24:10 UTC,2023-04-25 22:11:19 UTC,needs_id,,https://www.inaturalist.org/observations/156556870,https://static.inaturalist.org/photos/270733109/medium.jpeg,,"",,0,0,false,2,"Portsmouth, RI, USA",41.58011771,-71.32179536,6,,,,6,,,false,,,Atlantic Lion's Mane Jelly,Cyanea fulva,Atlantic Lion's Mane Jelly,Animalia,1064817
156582835,2023-04-25 10:40:22-04:00,2023-04-25,2023-04-25 14:40:22 UTC,Eastern Time (US & Canada),6622702,eileen298,Eileen Pollina,2023-04-25 14:41:00 UTC,2023-04-26 14:02:35 UTC,research,,https://www.inaturalist.org/observations/156582835,https://static.inaturalist.org/photos/270777984/medium.jpg,,"","",2,0,false,3,"Mount Hope Bay, Portsmouth, RI, US",41.6426157329,-71.232531819,4,,,,4,,,false,,,Atlantic Lion's Mane Jelly,Cyanea fulva,Atlantic Lion's Mane Jelly,Animalia,1064817
158132253,2023-04-30 11:29:05-04:00,2023-04-30,2023-04-30 15:29:05 UTC,Eastern Time (US & Canada),332568,bridget827,Bridget Cervero,2023-04-30 15:29:13 UTC,2023-04-30 15:29:20 UTC,needs_id,CC-BY-NC,https://www.inaturalist.org/observations/158132253,https://inaturalist-open-data.s3.amazonaws.com/photos/273327091/medium.jpg,,"","",0,0,false,3,"Turney Rd, Norwalk, CT, US",41.1473439436,-73.2345122642,8,,,,8,,,false,,,"",Cyanea fulva,Atlantic Lion's Mane Jelly,Animalia,1064817
158132778,2023-04-30 11:28:44-04:00,2023-04-30,2023-04-30 15:28:44 UTC,Eastern Time (US & Canada),5230054,leah1012,Leah Hintz,2023-04-30 15:30:21 UTC,2023-04-30 15:49:54 UTC,needs_id,,https://www.inaturalist.org/observations/158132778,https://static.inaturalist.org/photos/273328113/medium.jpg,,"","",0,0,false,3,"Gilman St, Bridgeport, CT, US",41.1465773095,-73.2328001468,44,,,,44,,,false,,,"",Cyanea fulva,Atlantic Lion's Mane Jelly,Animalia,1064817
158157523,2023-04-30 11:30:10,2023-04-30,2023-04-30 15:30:10 UTC,Eastern Time (US & Canada),1136228,lmags,"",2023-04-30 16:22:19 UTC,2023-04-30 20:25:38 UTC,research,,https://www.inaturalist.org/observations/158157523,https://static.inaturalist.org/photos/273367802/medium.jpeg,,"",,1,0,false,2,"Fairfield Helistop, Unnamed Road, Fairfield, CT 06824, USA",41.1474189722,-73.2344899722,,,,,,,,false,gps,gps,Atlantic Lion's Mane Jelly,Cyanea fulva,Atlantic Lion's Mane Jelly,Animalia,1064817
158258533,2023-04-08 10:52:44-04:00,2023-04-08,2023-04-08 14:52:44 UTC,Eastern Time (US & Canada),5728432,michella12,Michella Salvitti,2023-04-30 19:39:30 UTC,2023-04-30 22:20:25 UTC,research,,https://www.inaturalist.org/observations/158258533,https://static.inaturalist.org/photos/273532224/medium.jpg,,"","",1,0,false,3,"Long Island, Brookville, NY, US",40.8087166667,-73.61435,4,,,,4,,,false,,,Atlantic Lion's Mane Jelly,Cyanea fulva,Atlantic Lion's Mane Jelly,Animalia,1064817
158384203,2023-04-28 16:07:34-04:00,2023-04-28,2023-04-28 20:07:34 UTC,Eastern Time (US & Canada),3895233,kat4848,Kat,2023-05-01 00:06:06 UTC,2023-05-01 13:50:12 UTC,research,CC-BY-NC,https://www.inaturalist.org/observations/158384203,https://inaturalist-open-data.s3.amazonaws.com/photos/273735008/medium.jpg,,"","",1,0,false,3,"Baker Cove, New London, CT, US",41.3193883333,-72.0517888333,4,,,,4,,,false,,,Atlantic Lion's Mane Jelly,Cyanea fulva,Atlantic Lion's Mane Jelly,Animalia,1064817
159448090,2023-05-03 11:43:53-04:00,2023-05-03,2023-05-03 15:43:53 UTC,Eastern Time (US & Canada),1142932,dcdragonfly811,,2023-05-03 15:44:21 UTC,2023-05-05 18:23:20 UTC,research,,https://www.inaturalist.org/observations/159448090,https://static.inaturalist.org/photos/275485550/medium.jpg,,"","",1,0,false,3,"Glen Island Park, New Rochelle, NY, US",40.8852899541,-73.7810692471,3,,,,3,,,false,,,Atlantic Lion's Mane Jelly,Cyanea fulva,Atlantic Lion's Mane Jelly,Animalia,1064817
159991619,2023-05-05 19:09:36-04:00,2023-05-05,2023-05-05 23:09:36 UTC,Eastern Time (US & Canada),3895233,kat4848,Kat,2023-05-06 01:59:54 UTC,2023-05-06 02:00:03 UTC,needs_id,CC-BY-NC,https://www.inaturalist.org/observations/159991619,https://inaturalist-open-data.s3.amazonaws.com/photos/276449161/medium.jpg,,"","",0,0,false,3,"Bluff Point Coastal Reserve, New London, CT, US",41.3201466667,-72.0465166667,4,,,,4,,,false,,,"",Cyanea fulva,Atlantic Lion's Mane Jelly,Animalia,1064817
160099049,2023-05-06 11:06:22-04:00,2023-05-06,2023-05-06 15:06:22 UTC,Eastern Time (US & Canada),5964081,rinaturalist,Branson Khounvichith,2023-05-06 16:13:23 UTC,2023-05-06 16:14:23 UTC,needs_id,CC-BY-NC-SA,https://www.inaturalist.org/observations/160099049,https://inaturalist-open-data.s3.amazonaws.com/photos/276638658/medium.jpg,,"",Bee at bottom left for scale.,0,0,false,3,United States,41.6359813448,-71.2125544951,23,,,,27754,obscured,,true,,,"",Cyanea fulva,Atlantic Lion's Mane Jelly,Animalia,1064817
160100614,2023-05-06 11:27:35-04:00,2023-05-06,2023-05-06 15:27:35 UTC,Eastern Time (US & Canada),5964081,rinaturalist,Branson Khounvichith,2023-05-06 16:21:14 UTC,2023-05-08 02:03:01 UTC,needs_id,CC-BY-NC-SA,https://www.inaturalist.org/observations/160100614,https://inaturalist-open-data.s3.amazonaws.com/photos/276641776/medium.jpg,,"","",1,0,false,3,United States,41.6863404919,-71.3541612834,23,,,,27754,obscured,,true,,,Atlantic Lion's Mane Jelly,Cyanea fulva,Atlantic Lion's Mane Jelly,Animalia,1064817
160134113,2023-05-06 11:05:27-04:00,2023-05-06,2023-05-06 15:05:27 UTC,Eastern Time (US & Canada),611061,bmonahan,,2023-05-06 18:59:43 UTC,2023-05-07 15:04:25 UTC,research,CC-BY-NC,https://www.inaturalist.org/observations/160134113,https://inaturalist-open-data.s3.amazonaws.com/photos/276701296/medium.jpg,,"","",2,0,false,3,"Caumsett State Historic Park Preserve, Lloyd Harbor, NY, US",40.9436133333,-73.4881216667,5,,,,5,,,false,,,Atlantic Lion's Mane Jelly,Cyanea fulva,Atlantic Lion's Mane Jelly,Animalia,1064817
160203650,2023/05/04 6:29 PM,2023-05-04,2023-05-04 22:29:00 UTC,Eastern Time (US & Canada),690411,charlesavenengo,"",2023-05-07 00:37:45 UTC,2023-05-11 22:57:19 UTC,research,CC-BY-NC,https://www.inaturalist.org/observations/160203650,https://inaturalist-open-data.s3.amazonaws.com/photos/276826226/medium.jpeg,,"","",2,0,false,,"Newport, RI, USA",41.4889386315,-71.3216294362,24,,,,24,,,false,,,Atlantic Lion's Mane Jelly,Cyanea fulva,Atlantic Lion's Mane Jelly,Animalia,1064817
160351086,2023/05/06 8:38 AM,2023-05-06,2023-05-06 12:38:00 UTC,Eastern Time (US & Canada),921878,billthompson0001,Bill Thompson,2023-05-07 16:50:09 UTC,2023-05-10 12:22:41 UTC,research,,https://www.inaturalist.org/observations/160351086,https://static.inaturalist.org/photos/277080295/medium.jpg,,"",Napatree Point Conservation Area.,2,0,false,,"Watch Hill, Westerly, RI 02891, USA",41.3117738889,-71.8642427778,,,,,,,,false,,,Atlantic Lion's Mane Jelly,Cyanea fulva,Atlantic Lion's Mane Jelly,Animalia,1064817
160379767,2023-05-07 12:35:44,2023-05-07,2023-05-07 16:35:44 UTC,Eastern Time (US & Canada),1939097,wehdile,wehdile,2023-05-07 18:43:48 UTC,2023-05-11 22:51:06 UTC,research,CC-BY-NC,https://www.inaturalist.org/observations/160379767,https://inaturalist-open-data.s3.amazonaws.com/photos/277133248/medium.jpeg,,"",,1,0,false,2,"Bristol, RI 02809, USA",41.6665795001,-71.2774552032,16,,,,16,,,false,gps,gps,Atlantic Lion's Mane Jelly,Cyanea fulva,Atlantic Lion's Mane Jelly,Animalia,1064817
160832697,2023/05/09 11:56 AM,2023-05-09,2023-05-09 15:56:00 UTC,Eastern Time (US & Canada),6043615,allnaturmel,Mel,2023-05-10 00:34:53 UTC,2023-05-10 01:32:00 UTC,research,,https://www.inaturalist.org/observations/160832697,https://static.inaturalist.org/photos/277924234/medium.jpeg,,"",,1,0,false,,"Greenwich, CT, USA",41.0029292529,-73.6455782786,9,,,,9,,,false,,,Atlantic Lion's Mane Jelly,Cyanea fulva,Atlantic Lion's Mane Jelly,Animalia,1064817
161283885,2023-05-12 11:36:17-04:00,2023-05-12,2023-05-12 15:36:17 UTC,Eastern Time (US & Canada),11510,jlevenson,Jake,2023-05-12 19:51:25 UTC,2023-06-08 23:57:05 UTC,research,,https://www.inaturalist.org/observations/161283885,https://static.inaturalist.org/photos/278765779/medium.jpg,,"","",1,0,false,3,"Greenwich Cove, Warwick, RI, US",41.664845,-71.4445633333,48,,,,48,,,false,,,Atlantic Lion's Mane Jelly,Cyanea fulva,Atlantic Lion's Mane Jelly,Animalia,1064817
161435802,2023-05-13 13:05:53-04:00,2023-05-13,2023-05-13 17:05:53 UTC,Eastern Time (US & Canada),4128794,mollyzahn,,2023-05-13 17:06:15 UTC,2023-05-13 20:10:38 UTC,research,CC-BY-NC,https://www.inaturalist.org/observations/161435802,https://inaturalist-open-data.s3.amazonaws.com/photos/279037111/medium.jpg,,"","",1,0,false,3,"North Atlantic Ocean, Milford, CT, US",41.1754819602,-73.0967064993,4,,,,4,,,false,,,Atlantic Lion's Mane Jelly,Cyanea fulva,Atlantic Lion's Mane Jelly,Animalia,1064817
161706266,2023-05-14 10:48:05-04:00,2023-05-14,2023-05-14 14:48:05 UTC,Eastern Time (US & Canada),492920,chrislb104,,2023-05-14 23:13:32 UTC,2023-05-15 00:37:47 UTC,needs_id,,https://www.inaturalist.org/observations/161706266,https://static.inaturalist.org/photos/279527847/medium.jpg,,"","",0,0,false,3,"Warwick, RI, US",41.6863966667,-71.4334866667,4,,,,4,,,false,,,Lion's Mane Jellies,Cyanea fulva,Atlantic Lion's Mane Jelly,Animalia,1064817
162066899,2023-05-16 13:21:43-04:00,2023-05-16,2023-05-16 17:21:43 UTC,Eastern Time (US & Canada),4929497,kritpic,,2023-05-17 01:06:47 UTC,2023-07-02 15:02:58 UTC,needs_id,CC-BY-NC,https://www.inaturalist.org/observations/162066899,https://inaturalist-open-data.s3.amazonaws.com/photos/280192785/medium.jpg,,"",Dead in tide pool ,0,0,false,3,"Marshlands Conservancy, Rye, NY, US",40.9481292992,-73.7006629007,107,,,,107,,,false,,,"",Cyanea fulva,Atlantic Lion's Mane Jelly,Animalia,1064817
162119645,2023/05/14 9:10 AM,2023-05-14,2023-05-14 13:10:00 UTC,Eastern Time (US & Canada),6690359,jo1010,,2023-05-17 12:07:41 UTC,2023-05-17 12:37:11 UTC,needs_id,CC-BY-NC,https://www.inaturalist.org/observations/162119645,https://inaturalist-open-data.s3.amazonaws.com/photos/280293555/medium.jpeg,,"",Many of these jellyfish were found washed up on the beach.,0,0,false,,"New Haven County, CT, USA",41.177421425,-73.0974203484,15,,,,15,,,false,,,Atlantic Lion's Mane Jelly,Cyanea fulva,Atlantic Lion's Mane Jelly,Animalia,1064817
162119734,2023/05/14 9:11 AM,2023-05-14,2023-05-14 13:11:00 UTC,Eastern Time (US & Canada),6690359,jo1010,,2023-05-17 12:08:31 UTC,2023-05-17 12:37:37 UTC,needs_id,CC-BY-NC,https://www.inaturalist.org/observations/162119734,https://inaturalist-open-data.s3.amazonaws.com/photos/280293851/medium.jpeg,,"",Many of these were found washed up on the beach.,0,0,false,,"New Haven County, CT, USA",41.1775425547,-73.0972594159,15,,,,15,,,false,,,Atlantic Lion's Mane Jelly,Cyanea fulva,Atlantic Lion's Mane Jelly,Animalia,1064817
162119794,2023/05/14 9:11 AM,2023-05-14,2023-05-14 13:11:00 UTC,Eastern Time (US & Canada),6690359,jo1010,,2023-05-17 12:09:15 UTC,2023-05-17 21:26:37 UTC,research,CC-BY-NC,https://www.inaturalist.org/observations/162119794,https://inaturalist-open-data.s3.amazonaws.com/photos/280294010/medium.jpeg,,"",Many of these were found washed up on the beach.,1,0,false,,"New Haven County, CT, USA",41.1777204498,-73.097140253,8,,,,8,,,false,,,Atlantic Lion's Mane Jelly,Cyanea fulva,Atlantic Lion's Mane Jelly,Animalia,1064817
162119898,2023/05/14 9:11 AM,2023-05-14,2023-05-14 13:11:00 UTC,Eastern Time (US & Canada),6690359,jo1010,,2023-05-17 12:10:05 UTC,2023-05-17 21:26:31 UTC,research,CC-BY-NC,https://www.inaturalist.org/observations/162119898,https://inaturalist-open-data.s3.amazonaws.com/photos/280294135/medium.jpeg,,"",Many of these were found washed up on the beach.,1,0,false,,"New Haven County, CT, USA",41.177688973,-73.097194461,15,,,,15,,,false,,,Atlantic Lion's Mane Jelly,Cyanea fulva,Atlantic Lion's Mane Jelly,Animalia,1064817
162120344,2023/05/14 9:13 AM,2023-05-14,2023-05-14 13:13:00 UTC,Eastern Time (US & Canada),6690359,jo1010,,2023-05-17 12:14:38 UTC,2023-05-17 21:26:25 UTC,research,CC-BY-NC,https://www.inaturalist.org/observations/162120344,https://inaturalist-open-data.s3.amazonaws.com/photos/280295048/medium.jpeg,,"",There were many of these washed up on the beach,1,0,false,,"Laurel Beach, Milford, CT 06460, USA",41.182875,-73.0937189,1632,,,,1632,,,false,,,Atlantic Lion's Mane Jelly,Cyanea fulva,Atlantic Lion's Mane Jelly,Animalia,1064817
162121009,2023/05/14 9:36 AM,2023-05-14,2023-05-14 13:36:00 UTC,Eastern Time (US & Canada),6690359,jo1010,,2023-05-17 12:20:54 UTC,2023-05-17 12:20:54 UTC,needs_id,CC-BY-NC,https://www.inaturalist.org/observations/162121009,https://inaturalist-open-data.s3.amazonaws.com/photos/280296182/medium.jpeg,,"",There were many of these washed up on the beach.  This was a small one.,0,0,false,,"Laurel Beach, Milford, CT 06460, USA",41.182875,-73.0937189,1632,,,,1632,,,false,,,Atlantic Lion's Mane Jelly,Cyanea fulva,Atlantic Lion's Mane Jelly,Animalia,1064817
162154337,2023-05-17 12:14:30-04:00,2023-05-17,2023-05-17 16:14:30 UTC,Eastern Time (US & Canada),2485023,highyak,,2023-05-17 16:28:27 UTC,2023-05-24 22:27:23 UTC,needs_id,CC-BY-NC,https://www.inaturalist.org/observations/162154337,https://inaturalist-open-data.s3.amazonaws.com/photos/280356887/medium.jpg,,"","",0,0,false,3,"Edith G. Read Wildlife Sanctuary, Rye, NY, US",40.9710883333,-73.67077,3,,,,3,,,false,,,"",Cyanea fulva,Atlantic Lion's Mane Jelly,Animalia,1064817
167073888,2023-05-19 12:51:43-04:00,2023-05-19,2023-05-19 16:51:43 UTC,Eastern Time (US & Canada),451419,alix5,Alix Morris,2023-06-12 20:06:03 UTC,2023-06-14 18:26:48 UTC,research,,https://www.inaturalist.org/observations/167073888,https://static.inaturalist.org/photos/289383233/medium.jpg,,"","",1,0,false,3,"Pettaquamscutt River, Narragansett, RI, US",41.443345,-71.44155,3,,,,3,,,false,,,Atlantic Lion's Mane Jelly,Cyanea fulva,Atlantic Lion's Mane Jelly,Animalia,1064817
167358371,2023-05-01 13:00:00-04:00,2023-05-01,2023-05-01 17:00:00 UTC,Eastern Time (US & Canada),6937298,nereisvirens,Dan,2023-06-14 13:28:13 UTC,2023-06-22 13:07:35 UTC,research,CC-BY-NC,https://www.inaturalist.org/observations/167358371,https://static.inaturalist.org/photos/289912538/medium.jpg,,"","",2,0,false,3,"Pettaquamscutt River, Narragansett, RI, US",41.4491910081,-71.4498881175,62,,,,62,,,false,,,Atlantic Lion's Mane Jelly,Cyanea fulva,Atlantic Lion's Mane Jelly,Animalia,1064817
168274780,2023-06-19 07:31:20-04:00,2023-06-19,2023-06-19 11:31:20 UTC,Eastern Time (US & Canada),5372643,shinobumochizuki,,2023-06-19 11:31:29 UTC,2023-06-19 15:17:22 UTC,needs_id,CC-BY-NC,https://www.inaturalist.org/observations/168274780,https://inaturalist-open-data.s3.amazonaws.com/photos/291610299/medium.jpg,,"","",0,0,false,3,"Sommerville Basin, New York, NY, US",40.5959674441,-73.7896280967,22,,,,22,,,false,,,Lion's Mane Jellies,Cyanea fulva,Atlantic Lion's Mane Jelly,Animalia,1064817
